[{"id":0,"parent":-1,"joint":"heavy","name":"frame","parts":[{"id":7,"name":"frame","children":[]}],"jointData":{}},{"id":1,"parent":0,"joint":"hinge","name":"door","parts":[{"id":12,"name":"door_frame","children":[]},{"id":13,"name":"handle","children":[]}],"jointData":{"axis":{"origin":[0.5018334931065915,0.8400639999999999,0.18692712456529925],"direction":[0,-1,0]},"limit":{"a":0,"b":-180,"noLimit":false}}},{"id":2,"parent":0,"joint":"hinge","name":"control_panel","parts":[{"id":16,"name":"control_panel","children":[]},{"id":10,"name":"door_frame","children":[]},{"id":11,"name":"handle","children":[]}],"jointData":{"axis":{"origin":[-0.5103242329668447,0.8400639999999999,0.19646803644768696],"direction":[0,-1,0]},"limit":{"a":0,"b":180,"noLimit":false}}}]