[{"id":0,"parent":3,"joint":"hinge","name":"cabinet_door","parts":[{"id":23,"name":"cabinet_door_surface","children":[]},{"id":24,"name":"handle","children":[]}],"jointData":{"axis":{"origin":[0.6814305018069304,0.5983409881591797,0.3320541917515619],"direction":[0,1,0]},"limit":{"a":0,"b":90,"noLimit":false}}},{"id":1,"parent":3,"joint":"hinge","name":"cabinet_door","parts":[{"id":21,"name":"cabinet_door_surface","children":[]},{"id":22,"name":"handle","children":[]}],"jointData":{"axis":{"origin":[-0.6694047636052665,0.5983409881591797,0.33477018399758013],"direction":[0,1,0]},"limit":{"a":0,"b":-90,"noLimit":false}}},{"id":2,"parent":3,"joint":"slider","name":"drawer","parts":[{"id":16,"name":"drawer_front","children":[]},{"id":17,"name":"drawer_side","children":[]},{"id":18,"name":"drawer_side","children":[]},{"id":19,"name":"drawer_back","children":[]},{"id":20,"name":"drawer_bottom","children":[]},{"id":15,"name":"handle","children":[]}],"jointData":{"axis":{"origin":[0.009011663265851733,0.48111949698061995,-0.3306339979171753],"direction":[0,0,1]},"limit":{"a":0,"b":0.43999999999999995,"noLimit":false}}},{"id":3,"parent":-1,"joint":"heavy","name":"shelf","parts":[{"id":9,"name":"shelf","children":[]},{"id":30,"name":"vertical_side_panel","children":[]},{"id":31,"name":"vertical_side_panel","children":[]},{"id":32,"name":"back_panel","children":[]},{"id":33,"name":"bottom_panel","children":[]},{"id":34,"name":"frame_vertical_bar","children":[]},{"id":35,"name":"frame_vertical_bar","children":[]},{"id":36,"name":"frame_horizontal_bar","children":[]},{"id":37,"name":"frame_horizontal_bar","children":[]},{"id":38,"name":"frame_horizontal_bar","children":[]},{"id":39,"name":"frame_horizontal_bar","children":[]},{"id":40,"name":"frame_horizontal_bar","children":[]},{"id":26,"name":"base_side_panel","children":[]},{"id":27,"name":"base_side_panel","children":[]},{"id":28,"name":"base_side_panel","children":[]},{"id":29,"name":"base_side_panel","children":[]}],"jointData":{}}]