[{"id":0,"parent":2,"joint":"hinge","name":"cabinet_door","parts":[{"id":10,"name":"cabinet_door_surface","children":[]},{"id":11,"name":"handle","children":[]}],"jointData":{"axis":{"origin":[0.6864633732831515,0.6367499828338625,0.4538667972764191],"direction":[0,1,0]},"limit":{"a":0,"b":91.8,"noLimit":false}}},{"id":1,"parent":2,"joint":"hinge","name":"cabinet_door","parts":[{"id":8,"name":"cabinet_door_surface","children":[]},{"id":9,"name":"handle","children":[]}],"jointData":{"axis":{"origin":[-0.6441316048736573,-0.48602798581123374,0.4534843984788899],"direction":[0,-0.9999999999999999,0]},"limit":{"a":0,"b":91.8,"noLimit":false}}},{"id":2,"parent":-1,"joint":"heavy","name":"shelf","parts":[{"id":4,"name":"shelf","children":[]},{"id":5,"name":"shelf","children":[]},{"id":22,"name":"frame_vertical_bar","children":[]},{"id":23,"name":"frame_vertical_bar","children":[]},{"id":24,"name":"frame_vertical_bar","children":[]},{"id":25,"name":"frame_horizontal_bar","children":[]},{"id":26,"name":"frame_horizontal_bar","children":[]},{"id":29,"name":"back_panel","children":[]},{"id":30,"name":"bottom_panel","children":[]},{"id":31,"name":"vertical_side_panel","children":[]},{"id":32,"name":"vertical_side_panel","children":[]},{"id":33,"name":"frame_horizontal_bar","children":[]},{"id":34,"name":"frame_horizontal_bar","children":[]},{"id":36,"name":"other_leaf","children":[]},{"id":38,"name":"frame_horizontal_bar","children":[]},{"id":13,"name":"base_side_panel","children":[]},{"id":14,"name":"base_side_panel","children":[]},{"id":15,"name":"base_side_panel","children":[]},{"id":16,"name":"base_side_panel","children":[]}],"jointData":{}}]