[{"id":0,"parent":4,"joint":"hinge","name":"cabinet_door","parts":[{"id":18,"name":"cabinet_door_surface","children":[]},{"id":19,"name":"handle","children":[]}],"jointData":{"axis":{"origin":[0.46543026528369646,-0.8599969744682312,0.2174238571661181],"direction":[0,-0.9999999999999999,0]},"limit":{"a":0,"b":-90,"noLimit":false}}},{"id":1,"parent":4,"joint":"hinge","name":"cabinet_door","parts":[{"id":16,"name":"cabinet_door_surface","children":[]},{"id":17,"name":"handle","children":[]}],"jointData":{"axis":{"origin":[-0.4412210992465862,-0.8599969744682312,0.21522816063939373],"direction":[0,-1,0]},"limit":{"a":0,"b":90,"noLimit":false}}},{"id":2,"parent":4,"joint":"hinge","name":"cabinet_door","parts":[{"id":14,"name":"cabinet_door_surface","children":[]},{"id":15,"name":"handle","children":[]}],"jointData":{"axis":{"origin":[0.46703048249376955,0.8811450004577637,0.2165265653281882],"direction":[0,0.9999999999999999,0]},"limit":{"a":0,"b":90,"noLimit":false}}},{"id":3,"parent":4,"joint":"hinge","name":"cabinet_door","parts":[{"id":12,"name":"cabinet_door_surface","children":[]},{"id":13,"name":"handle","children":[]}],"jointData":{"axis":{"origin":[-0.4412210992465862,-0.8599969744682312,0.21522816063939373],"direction":[0,-1,0]},"limit":{"a":0,"b":90,"noLimit":false}}},{"id":4,"parent":-1,"joint":"heavy","name":"shelf","parts":[{"id":3,"name":"shelf","children":[]},{"id":4,"name":"shelf","children":[]},{"id":5,"name":"shelf","children":[]},{"id":6,"name":"shelf","children":[]},{"id":7,"name":"shelf","children":[]},{"id":20,"name":"vertical_side_panel","children":[]},{"id":21,"name":"vertical_side_panel","children":[]},{"id":23,"name":"bottom_panel","children":[]},{"id":24,"name":"top_panel","children":[]},{"id":25,"name":"frame_horizontal_bar","children":[]},{"id":26,"name":"frame_horizontal_bar","children":[]},{"id":27,"name":"frame_horizontal_bar","children":[]},{"id":28,"name":"back_panel","children":[]},{"id":29,"name":"frame_vertical_bar","children":[]},{"id":30,"name":"frame_vertical_bar","children":[]},{"id":31,"name":"frame_horizontal_bar","children":[]},{"id":33,"name":"frame_horizontal_bar","children":[]}],"jointData":{}}]