[{"id":0,"parent":8,"joint":"slider","name":"drawer","parts":[{"id":87,"name":"drawer_front","children":[]},{"id":88,"name":"drawer_side","children":[]},{"id":89,"name":"drawer_side","children":[]},{"id":90,"name":"drawer_back","children":[]},{"id":91,"name":"drawer_bottom","children":[]},{"id":86,"name":"handle","children":[]}],"jointData":{"axis":{"origin":[0,0,0],"direction":[0,0,1]},"limit":{"a":0,"b":0.58,"noLimit":false}}},{"id":1,"parent":8,"joint":"slider","name":"drawer","parts":[{"id":80,"name":"drawer_front","children":[]},{"id":81,"name":"drawer_side","children":[]},{"id":82,"name":"drawer_side","children":[]},{"id":83,"name":"drawer_back","children":[]},{"id":84,"name":"drawer_bottom","children":[]},{"id":79,"name":"handle","children":[]}],"jointData":{"axis":{"origin":[0,0,0],"direction":[0,0,1]},"limit":{"a":0,"b":0.58,"noLimit":false}}},{"id":2,"parent":8,"joint":"slider","name":"drawer","parts":[{"id":73,"name":"drawer_front","children":[]},{"id":74,"name":"drawer_side","children":[]},{"id":75,"name":"drawer_side","children":[]},{"id":76,"name":"drawer_back","children":[]},{"id":77,"name":"drawer_bottom","children":[]},{"id":72,"name":"handle","children":[]}],"jointData":{"axis":{"origin":[0,0,0],"direction":[0,0,1]},"limit":{"a":0,"b":0.58,"noLimit":false}}},{"id":3,"parent":8,"joint":"slider","name":"drawer","parts":[{"id":59,"name":"drawer_front","children":[]},{"id":60,"name":"drawer_side","children":[]},{"id":61,"name":"drawer_side","children":[]},{"id":62,"name":"drawer_back","children":[]},{"id":63,"name":"drawer_bottom","children":[]},{"id":58,"name":"handle","children":[]}],"jointData":{"axis":{"origin":[0,0,0],"direction":[0,0,1]},"limit":{"a":0,"b":0.58,"noLimit":false}}},{"id":4,"parent":8,"joint":"slider","name":"drawer","parts":[{"id":66,"name":"drawer_front","children":[]},{"id":67,"name":"drawer_side","children":[]},{"id":68,"name":"drawer_side","children":[]},{"id":69,"name":"drawer_back","children":[]},{"id":70,"name":"drawer_bottom","children":[]},{"id":65,"name":"handle","children":[]}],"jointData":{"axis":{"origin":[0,0,0],"direction":[0,0,1]},"limit":{"a":0,"b":0.58,"noLimit":false}}},{"id":5,"parent":8,"joint":"slider","name":"drawer","parts":[{"id":52,"name":"drawer_front","children":[]},{"id":53,"name":"drawer_side","children":[]},{"id":54,"name":"drawer_side","children":[]},{"id":55,"name":"drawer_back","children":[]},{"id":56,"name":"drawer_bottom","children":[]},{"id":51,"name":"handle","children":[]}],"jointData":{"axis":{"origin":[0,0,0],"direction":[0,0,1]},"limit":{"a":0,"b":0.58,"noLimit":false}}},{"id":6,"parent":8,"joint":"slider","name":"drawer","parts":[{"id":45,"name":"drawer_front","children":[]},{"id":46,"name":"drawer_side","children":[]},{"id":47,"name":"drawer_side","children":[]},{"id":48,"name":"drawer_back","children":[]},{"id":49,"name":"drawer_bottom","children":[]},{"id":44,"name":"handle","children":[]}],"jointData":{"axis":{"origin":[0,0,0],"direction":[0,0,1]},"limit":{"a":0,"b":0.58,"noLimit":false}}},{"id":7,"parent":8,"joint":"slider","name":"drawer","parts":[{"id":38,"name":"drawer_front","children":[]},{"id":39,"name":"drawer_side","children":[]},{"id":40,"name":"drawer_side","children":[]},{"id":41,"name":"drawer_back","children":[]},{"id":42,"name":"drawer_bottom","children":[]},{"id":36,"name":"handle","children":[]},{"id":37,"name":"handle","children":[]}],"jointData":{"axis":{"origin":[0,0,0],"direction":[0,0,1]},"limit":{"a":-0.22399999999999998,"b":0.3679999999999999,"noLimit":false}}},{"id":8,"parent":-1,"joint":"heavy","name":"board","parts":[{"id":139,"name":"board","children":[]},{"id":17,"name":"leg","children":[]},{"id":18,"name":"leg","children":[]},{"id":19,"name":"leg","children":[]},{"id":20,"name":"leg","children":[]},{"id":21,"name":"bar_stretcher","children":[]},{"id":22,"name":"bar_stretcher","children":[]},{"id":23,"name":"bar_stretcher","children":[]},{"id":32,"name":"back_panel","children":[]},{"id":33,"name":"vertical_side_panel","children":[]},{"id":34,"name":"vertical_side_panel","children":[]},{"id":110,"name":"tabletop_connector","children":[]},{"id":111,"name":"tabletop_connector","children":[]},{"id":112,"name":"tabletop_connector","children":[]},{"id":113,"name":"tabletop_connector","children":[]},{"id":114,"name":"bar_stretcher","children":[]},{"id":115,"name":"bar_stretcher","children":[]},{"id":116,"name":"bar_stretcher","children":[]},{"id":117,"name":"bar_stretcher","children":[]},{"id":118,"name":"bar_stretcher","children":[]},{"id":119,"name":"bar_stretcher","children":[]},{"id":120,"name":"bar_stretcher","children":[]},{"id":121,"name":"bar_stretcher","children":[]},{"id":122,"name":"bar_stretcher","children":[]},{"id":123,"name":"bar_stretcher","children":[]},{"id":124,"name":"bar_stretcher","children":[]},{"id":125,"name":"bar_stretcher","children":[]},{"id":126,"name":"bar_stretcher","children":[]},{"id":127,"name":"bar_stretcher","children":[]},{"id":128,"name":"bar_stretcher","children":[]},{"id":129,"name":"bar_stretcher","children":[]},{"id":130,"name":"bar_stretcher","children":[]},{"id":131,"name":"bar_stretcher","children":[]},{"id":132,"name":"bar_stretcher","children":[]},{"id":133,"name":"bar_stretcher","children":[]},{"id":134,"name":"bar_stretcher","children":[]},{"id":135,"name":"bar_stretcher","children":[]},{"id":136,"name":"bar_stretcher","children":[]},{"id":137,"name":"bar_stretcher","children":[]}],"jointData":{}}]