[{"id":0,"parent":4,"joint":"slider","name":"drawer","parts":[{"id":31,"name":"drawer_front","children":[]},{"id":32,"name":"drawer_side","children":[]},{"id":33,"name":"drawer_side","children":[]},{"id":34,"name":"drawer_back","children":[]},{"id":35,"name":"drawer_bottom","children":[]},{"id":30,"name":"handle","children":[]}],"jointData":{"axis":{"origin":[0.019017866775987678,-0.3535903139526706,0.3908999860286715],"direction":[0,0,1]},"limit":{"a":0,"b":0.508,"noLimit":false}}},{"id":1,"parent":4,"joint":"slider","name":"drawer","parts":[{"id":24,"name":"drawer_front","children":[]},{"id":25,"name":"drawer_side","children":[]},{"id":26,"name":"drawer_side","children":[]},{"id":27,"name":"drawer_back","children":[]},{"id":28,"name":"drawer_bottom","children":[]},{"id":23,"name":"handle","children":[]}],"jointData":{"axis":{"origin":[0.012696662650932484,-0.008675062473004175,-0.368600010871887],"direction":[0,0,1]},"limit":{"a":0,"b":0.508,"noLimit":false}}},{"id":2,"parent":4,"joint":"slider","name":"drawer","parts":[{"id":17,"name":"drawer_front","children":[]},{"id":18,"name":"drawer_side","children":[]},{"id":19,"name":"drawer_side","children":[]},{"id":20,"name":"drawer_back","children":[]},{"id":21,"name":"drawer_bottom","children":[]},{"id":16,"name":"handle","children":[]}],"jointData":{"axis":{"origin":[0.016203177058552856,0.2754052830173426,-0.3686000108718872],"direction":[0,0,1]},"limit":{"a":0,"b":0.508,"noLimit":false}}},{"id":3,"parent":4,"joint":"slider","name":"drawer","parts":[{"id":10,"name":"drawer_front","children":[]},{"id":11,"name":"drawer_side","children":[]},{"id":12,"name":"drawer_side","children":[]},{"id":13,"name":"drawer_back","children":[]},{"id":14,"name":"drawer_bottom","children":[]},{"id":9,"name":"handle","children":[]}],"jointData":{"axis":{"origin":[-0.001329394979548018,0.5349350154456208,-0.36860001087188654],"direction":[0,0,1]},"limit":{"a":0,"b":0.508,"noLimit":false}}},{"id":4,"parent":-1,"joint":"heavy","name":"cabinet_frame","parts":[{"id":46,"name":"vertical_side_panel","children":[]},{"id":47,"name":"vertical_side_panel","children":[]},{"id":48,"name":"back_panel","children":[]},{"id":49,"name":"bottom_panel","children":[]},{"id":50,"name":"frame_horizontal_bar","children":[]},{"id":51,"name":"frame_horizontal_bar","children":[]},{"id":52,"name":"frame_horizontal_bar","children":[]},{"id":53,"name":"frame_horizontal_bar","children":[]},{"id":54,"name":"frame_horizontal_bar","children":[]},{"id":55,"name":"frame_vertical_bar","children":[]},{"id":56,"name":"frame_vertical_bar","children":[]},{"id":57,"name":"frame_horizontal_bar","children":[]},{"id":58,"name":"frame_horizontal_bar","children":[]},{"id":59,"name":"frame_horizontal_bar","children":[]},{"id":42,"name":"base_side_panel","children":[]},{"id":43,"name":"base_side_panel","children":[]},{"id":44,"name":"base_side_panel","children":[]},{"id":45,"name":"base_side_panel","children":[]}],"jointData":{}}]