[{"id":0,"parent":2,"joint":"slider","name":"drawer","parts":[{"id":15,"name":"drawer_front","children":[]},{"id":16,"name":"drawer_side","children":[]},{"id":17,"name":"drawer_side","children":[]},{"id":18,"name":"drawer_back","children":[]},{"id":19,"name":"drawer_bottom","children":[]},{"id":14,"name":"handle","children":[]}],"jointData":{"axis":{"origin":[0,0,0],"direction":[0,0,1]},"limit":{"a":0,"b":0.33199999999999985,"noLimit":false}}},{"id":1,"parent":2,"joint":"slider","name":"drawer","parts":[{"id":42,"name":"drawer_front","children":[]},{"id":43,"name":"drawer_side","children":[]},{"id":44,"name":"drawer_side","children":[]},{"id":45,"name":"drawer_back","children":[]},{"id":46,"name":"drawer_bottom","children":[]},{"id":41,"name":"handle","children":[]}],"jointData":{"axis":{"origin":[0,0,0],"direction":[0,0,1]},"limit":{"a":0,"b":0.33199999999999985,"noLimit":false}}},{"id":2,"parent":-1,"joint":"heavy","name":"board","parts":[{"id":39,"name":"board","children":[]},{"id":6,"name":"back_panel","children":[]},{"id":7,"name":"vertical_side_panel","children":[]},{"id":8,"name":"vertical_side_panel","children":[]},{"id":9,"name":"leg","children":[]},{"id":10,"name":"leg","children":[]},{"id":11,"name":"leg","children":[]},{"id":12,"name":"leg","children":[]},{"id":21,"name":"bar_stretcher","children":[]},{"id":22,"name":"bar_stretcher","children":[]},{"id":23,"name":"bar_stretcher","children":[]},{"id":24,"name":"bar_stretcher","children":[]},{"id":25,"name":"bar_stretcher","children":[]},{"id":26,"name":"bar_stretcher","children":[]},{"id":27,"name":"bar_stretcher","children":[]},{"id":28,"name":"bar_stretcher","children":[]},{"id":29,"name":"bar_stretcher","children":[]},{"id":30,"name":"bar_stretcher","children":[]},{"id":31,"name":"bar_stretcher","children":[]},{"id":32,"name":"bar_stretcher","children":[]},{"id":33,"name":"tabletop_connector","children":[]},{"id":35,"name":"bar_stretcher","children":[]},{"id":37,"name":"bar_stretcher","children":[]},{"id":47,"name":"bar_stretcher","children":[]},{"id":48,"name":"bar_stretcher","children":[]},{"id":49,"name":"bar_stretcher","children":[]}],"jointData":{}}]