[{"id":0,"parent":2,"joint":"hinge","name":"opener","parts":[{"id":1,"name":"opener"}],"jointData":{"axis":{"origin":[0.36038900000000007,-0.6340831043416137,0.4407209753589849],"direction":[1,0,0]},"limit":{"a":0,"b":90,"noLimit":false}}},{"id":1,"parent":2,"joint":"slider","name":"opener","parts":[{"id":2,"name":"opener"}],"jointData":{"axis":{"origin":[0,0,0],"direction":[0,0,1]},"limit":{"a":0,"b":0.8599999999999999,"noLimit":false,"rotates":false,"noRotationLimit":false,"rotationLimit":0}}},{"id":2,"parent":-1,"joint":"free","name":"base_body","parts":[{"id":3,"name":"base_body"}],"jointData":{}}]