[{"id":0,"parent":3,"joint":"slider","name":"drawer","parts":[{"id":29,"name":"drawer_front","children":[]},{"id":30,"name":"drawer_side","children":[]},{"id":31,"name":"drawer_side","children":[]},{"id":32,"name":"drawer_back","children":[]},{"id":33,"name":"drawer_bottom","children":[]},{"id":28,"name":"handle","children":[]},{"id":35,"name":"other_leaf","children":[]}],"jointData":{"axis":{"origin":[0.11511244514447615,0.5818874981287092,0.5661810040473938],"direction":[0,0,0.9999999999999999]},"limit":{"a":0,"b":0.7999999999999998,"noLimit":false}}},{"id":1,"parent":3,"joint":"slider","name":"drawer","parts":[{"id":22,"name":"drawer_front","children":[]},{"id":23,"name":"drawer_side","children":[]},{"id":24,"name":"drawer_side","children":[]},{"id":25,"name":"drawer_back","children":[]},{"id":26,"name":"drawer_bottom","children":[]},{"id":21,"name":"handle","children":[]},{"id":37,"name":"other_leaf","children":[]}],"jointData":{"axis":{"origin":[-0.12263331362859117,-0.3413447615853047,-0.47080999612808205],"direction":[0,0,1]},"limit":{"a":0,"b":0.7999999999999998,"noLimit":false}}},{"id":2,"parent":3,"joint":"slider","name":"drawer","parts":[{"id":15,"name":"drawer_front","children":[]},{"id":16,"name":"drawer_side","children":[]},{"id":17,"name":"drawer_side","children":[]},{"id":18,"name":"drawer_back","children":[]},{"id":19,"name":"drawer_bottom","children":[]},{"id":14,"name":"handle","children":[]},{"id":39,"name":"other_leaf","children":[]}],"jointData":{"axis":{"origin":[-0.05259634790892014,0.11019116982402882,-0.47080999612808183],"direction":[0,0,1]},"limit":{"a":0,"b":0.7999999999999998,"noLimit":false}}},{"id":3,"parent":-1,"joint":"heavy","name":"cabinet_frame","parts":[{"id":53,"name":"frame_horizontal_bar","children":[]},{"id":54,"name":"frame_horizontal_bar","children":[]},{"id":55,"name":"frame_horizontal_bar","children":[]},{"id":56,"name":"vertical_side_panel","children":[]},{"id":57,"name":"vertical_side_panel","children":[]},{"id":59,"name":"back_panel","children":[]},{"id":60,"name":"bottom_panel","children":[]},{"id":61,"name":"frame_horizontal_bar","children":[]},{"id":63,"name":"frame_vertical_bar","children":[]},{"id":64,"name":"frame_vertical_bar","children":[]},{"id":65,"name":"frame_horizontal_bar","children":[]},{"id":66,"name":"frame_horizontal_bar","children":[]},{"id":68,"name":"other_leaf","children":[]},{"id":43,"name":"base_side_panel","children":[]},{"id":44,"name":"base_side_panel","children":[]},{"id":45,"name":"base_side_panel","children":[]},{"id":46,"name":"base_side_panel","children":[]}],"jointData":{}}]