[{"id":0,"parent":4,"joint":"slider","name":"drawer","parts":[{"id":31,"name":"drawer_front","children":[]},{"id":32,"name":"drawer_side","children":[]},{"id":33,"name":"drawer_side","children":[]},{"id":34,"name":"drawer_back","children":[]},{"id":35,"name":"drawer_bottom","children":[]},{"id":30,"name":"handle","children":[]}],"jointData":{"axis":{"origin":[-0.009567187752129709,-0.435532604741988,0.3665049970149996],"direction":[0,0,1]},"limit":{"a":0,"b":0.504,"noLimit":false}}},{"id":1,"parent":4,"joint":"slider","name":"drawer","parts":[{"id":24,"name":"drawer_front","children":[]},{"id":25,"name":"drawer_side","children":[]},{"id":26,"name":"drawer_side","children":[]},{"id":27,"name":"drawer_back","children":[]},{"id":28,"name":"drawer_bottom","children":[]},{"id":23,"name":"handle","children":[]}],"jointData":{"axis":{"origin":[-0.02519710065310901,-0.06335592315963547,-0.36449798941612244],"direction":[0,0,1]},"limit":{"a":0,"b":0.504,"noLimit":false}}},{"id":2,"parent":4,"joint":"slider","name":"drawer","parts":[{"id":17,"name":"drawer_front","children":[]},{"id":18,"name":"drawer_side","children":[]},{"id":19,"name":"drawer_side","children":[]},{"id":20,"name":"drawer_back","children":[]},{"id":21,"name":"drawer_bottom","children":[]},{"id":16,"name":"handle","children":[]}],"jointData":{"axis":{"origin":[0.002580218835720018,0.21246546052932785,-0.36449798941612244],"direction":[0,0,1]},"limit":{"a":0,"b":0.504,"noLimit":false}}},{"id":3,"parent":4,"joint":"slider","name":"drawer","parts":[{"id":10,"name":"drawer_front","children":[]},{"id":11,"name":"drawer_side","children":[]},{"id":12,"name":"drawer_side","children":[]},{"id":13,"name":"drawer_back","children":[]},{"id":14,"name":"drawer_bottom","children":[]},{"id":9,"name":"handle","children":[]}],"jointData":{"axis":{"origin":[0.006071405476377854,0.48437233339913544,-0.36449798941612244],"direction":[0,0,1]},"limit":{"a":0,"b":0.504,"noLimit":false}}},{"id":4,"parent":-1,"joint":"heavy","name":"cabinet_frame","parts":[{"id":41,"name":"vertical_side_panel","children":[]},{"id":42,"name":"vertical_side_panel","children":[]},{"id":43,"name":"back_panel","children":[]},{"id":44,"name":"bottom_panel","children":[]},{"id":45,"name":"frame_vertical_bar","children":[]},{"id":46,"name":"frame_vertical_bar","children":[]},{"id":47,"name":"frame_horizontal_bar","children":[]},{"id":48,"name":"frame_horizontal_bar","children":[]},{"id":49,"name":"frame_horizontal_bar","children":[]},{"id":50,"name":"frame_horizontal_bar","children":[]},{"id":51,"name":"frame_horizontal_bar","children":[]},{"id":52,"name":"frame_horizontal_bar","children":[]},{"id":53,"name":"frame_horizontal_bar","children":[]},{"id":54,"name":"frame_horizontal_bar","children":[]},{"id":56,"name":"other_leaf","children":[]},{"id":37,"name":"base_side_panel","children":[]},{"id":38,"name":"base_side_panel","children":[]},{"id":39,"name":"base_side_panel","children":[]},{"id":40,"name":"base_side_panel","children":[]}],"jointData":{}}]