[{"id": 0, "parent": 12, "joint": "hinge", "name": "door", "parts": [{"id": 1, "name": "door"}], "jointData": {"axis": {"origin": [0.8031840000000001, -0.42992255241634986, 0.3321967033989812], "direction": [-1, 0, 0]}, "limit": {"a": 0, "b": -90, "noLimit": false}}}, {"id": 1, "parent": 12, "joint": "hinge", "name": "door", "parts": [{"id": 2, "name": "door"}], "jointData": {"axis": {"origin": [0.382108, -0.19071231564458757, 0.3317216083079785], "direction": [-1, 0, 0]}, "limit": {"a": 0, "b": -90, "noLimit": false}}}, {"id": 2, "parent": 12, "joint": "hinge", "name": "door", "parts": [{"id": 3, "name": "door"}], "jointData": {"axis": {"origin": [-0.8080769999999999, -0.431596243653325, 0.33296274239924933], "direction": [1, 0, 0]}, "limit": {"a": 0, "b": 90, "noLimit": false}}}, {"id": 3, "parent": 12, "joint": "hinge", "name": "knob", "parts": [{"id": 4, "name": "knob"}], "jointData": {"axis": {"origin": [0.6007495, 0.3389, 0], "direction": [0, 0, 1]}, "limit": {"a": 0, "b": 0, "noLimit": true}}}, {"id": 4, "parent": 12, "joint": "hinge", "name": "knob", "parts": [{"id": 5, "name": "knob"}], "jointData": {"axis": {"origin": [0.4698915, 0.339628, 0], "direction": [0, 0, 1]}, "limit": {"a": 0, "b": 180, "noLimit": false}}}, {"id": 5, "parent": 12, "joint": "hinge", "name": "knob", "parts": [{"id": 6, "name": "knob"}], "jointData": {"axis": {"origin": [0.338105, 0.339628, 0], "direction": [0, 0, 1]}, "limit": {"a": 0, "b": 180, "noLimit": false}}}, {"id": 6, "parent": 12, "joint": "hinge", "name": "knob", "parts": [{"id": 7, "name": "knob"}], "jointData": {"axis": {"origin": [0.074404, 0.3389, 0], "direction": [0, 0, 1]}, "limit": {"a": 0, "b": 0, "noLimit": true}}}, {"id": 7, "parent": 12, "joint": "hinge", "name": "knob", "parts": [{"id": 8, "name": "knob"}], "jointData": {"axis": {"origin": [-0.047175, 0.339628, 0], "direction": [0, 0, 1]}, "limit": {"a": 0, "b": 180, "noLimit": false}}}, {"id": 8, "parent": 12, "joint": "hinge", "name": "knob", "parts": [{"id": 9, "name": "knob"}], "jointData": {"axis": {"origin": [-0.15137, 0.339628, 0], "direction": [0, 0, 1]}, "limit": {"a": 0, "b": 180, "noLimit": false}}}, {"id": 9, "parent": 12, "joint": "hinge", "name": "knob", "parts": [{"id": 10, "name": "knob"}], "jointData": {"axis": {"origin": [-0.44852749999999997, 0.339628, 0], "direction": [0, 0, 1]}, "limit": {"a": 0, "b": 180, "noLimit": false}}}, {"id": 10, "parent": 12, "joint": "hinge", "name": "knob", "parts": [{"id": 11, "name": "knob"}], "jointData": {"axis": {"origin": [-0.580314, 0.339628, 0], "direction": [0, 0, 1]}, "limit": {"a": 0, "b": 180, "noLimit": false}}}, {"id": 11, "parent": 12, "joint": "hinge", "name": "knob", "parts": [{"id": 12, "name": "knob"}], "jointData": {"axis": {"origin": [-0.696853, 0.3389, 0], "direction": [0, 0, 1]}, "limit": {"a": 0, "b": 0, "noLimit": true}}}, {"id": 12, "parent": -1, "joint": "heavy", "name": "base_body", "parts": [{"id": 13, "name": "base_body"}], "jointData": {}}]