[{"id":0,"parent":2,"joint":"hinge","name":"cabinet_door","parts":[{"id":16,"name":"handle","children":[]},{"id":17,"name":"cabinet_door_surface","children":[]}],"jointData":{"axis":{"origin":[-0.37263062667115143,-0.5667060017585756,0.5220061005381347],"direction":[0,-1,0]},"limit":{"a":0,"b":90,"noLimit":false}}},{"id":1,"parent":2,"joint":"slider","name":"drawer","parts":[{"id":9,"name":"drawer_front","children":[]},{"id":10,"name":"drawer_side","children":[]},{"id":11,"name":"drawer_side","children":[]},{"id":12,"name":"drawer_back","children":[]},{"id":13,"name":"drawer_bottom","children":[]},{"id":8,"name":"handle","children":[]}],"jointData":{"axis":{"origin":[-0.017042793320627622,0.5967289342718265,-0.5155950188636786],"direction":[0,0,1]},"limit":{"a":0,"b":0.7999999999999998,"noLimit":false}}},{"id":2,"parent":-1,"joint":"heavy","name":"shelf","parts":[{"id":4,"name":"shelf","children":[]},{"id":23,"name":"vertical_side_panel","children":[]},{"id":24,"name":"vertical_side_panel","children":[]},{"id":25,"name":"back_panel","children":[]},{"id":26,"name":"bottom_panel","children":[]},{"id":27,"name":"frame_vertical_bar","children":[]},{"id":28,"name":"frame_vertical_bar","children":[]},{"id":29,"name":"frame_vertical_bar","children":[]},{"id":30,"name":"frame_vertical_bar","children":[]},{"id":31,"name":"frame_horizontal_bar","children":[]},{"id":32,"name":"frame_horizontal_bar","children":[]},{"id":33,"name":"frame_horizontal_bar","children":[]},{"id":34,"name":"frame_horizontal_bar","children":[]},{"id":44,"name":"other_leaf","children":[]},{"id":43,"name":"other_leaf","children":[]},{"id":42,"name":"other_leaf","children":[]},{"id":41,"name":"other_leaf","children":[]},{"id":40,"name":"other_leaf","children":[]},{"id":19,"name":"base_side_panel","children":[]},{"id":20,"name":"base_side_panel","children":[]},{"id":21,"name":"base_side_panel","children":[]},{"id":22,"name":"base_side_panel","children":[]}],"jointData":{}}]