[{"id":0,"parent":4,"joint":"hinge","name":"cabinet_door","parts":[{"id":31,"name":"cabinet_door_surface","children":[]},{"id":32,"name":"handle","children":[]}],"jointData":{"axis":{"origin":[0.6437806629118026,0.528850018978119,0.41145240527491317],"direction":[0,1,0]},"limit":{"a":0,"b":90,"noLimit":false}}},{"id":1,"parent":4,"joint":"hinge","name":"cabinet_door","parts":[{"id":29,"name":"cabinet_door_surface","children":[]},{"id":30,"name":"handle","children":[]}],"jointData":{"axis":{"origin":[-0.6710703733483504,0.5288500189781189,0.4190452834267912],"direction":[0,1,0]},"limit":{"a":0,"b":-90,"noLimit":false}}},{"id":2,"parent":4,"joint":"slider","name":"drawer","parts":[{"id":24,"name":"drawer_front","children":[]},{"id":25,"name":"drawer_side","children":[]},{"id":26,"name":"drawer_side","children":[]},{"id":27,"name":"drawer_back","children":[]},{"id":28,"name":"drawer_bottom","children":[]},{"id":23,"name":"handle","children":[]}],"jointData":{"axis":{"origin":[0.3641338292090779,0.4258260948893341,-0.41709399223327637],"direction":[0,0,1]},"limit":{"a":0,"b":0.6400000000000001,"noLimit":false}}},{"id":3,"parent":4,"joint":"slider","name":"drawer","parts":[{"id":17,"name":"drawer_front","children":[]},{"id":18,"name":"drawer_side","children":[]},{"id":19,"name":"drawer_side","children":[]},{"id":20,"name":"drawer_back","children":[]},{"id":21,"name":"drawer_bottom","children":[]},{"id":16,"name":"handle","children":[]}],"jointData":{"axis":{"origin":[-0.35450746886792467,0.3970021093508832,-0.4170939922332757],"direction":[0,0,1]},"limit":{"a":0,"b":0.6400000000000001,"noLimit":false}}},{"id":4,"parent":-1,"joint":"heavy","name":"shelf","parts":[{"id":10,"name":"shelf","children":[]},{"id":43,"name":"vertical_side_panel","children":[]},{"id":44,"name":"vertical_side_panel","children":[]},{"id":45,"name":"back_panel","children":[]},{"id":46,"name":"bottom_panel","children":[]},{"id":47,"name":"frame_vertical_bar","children":[]},{"id":48,"name":"frame_vertical_bar","children":[]},{"id":49,"name":"frame_vertical_bar","children":[]},{"id":50,"name":"frame_horizontal_bar","children":[]},{"id":51,"name":"frame_horizontal_bar","children":[]},{"id":52,"name":"frame_horizontal_bar","children":[]},{"id":53,"name":"frame_horizontal_bar","children":[]},{"id":54,"name":"frame_horizontal_bar","children":[]},{"id":55,"name":"frame_horizontal_bar","children":[]},{"id":56,"name":"frame_vertical_bar","children":[]},{"id":57,"name":"frame_vertical_bar","children":[]},{"id":34,"name":"base_side_panel","children":[]},{"id":35,"name":"base_side_panel","children":[]},{"id":36,"name":"base_side_panel","children":[]},{"id":37,"name":"base_side_panel","children":[]}],"jointData":{}}]