[{"id": 0, "parent": 8, "joint": "hinge", "name": "door", "parts": [{"id": 1, "name": "door", "children": []}], "jointData": {"axis": {"origin": [-0.6382359999999996, -0.442321324292263, 0.41942801523467216], "direction": [1, 0, 0]}, "limit": {"a": 0, "b": 90, "noLimit": false}}}, {"id": 1, "parent": 8, "joint": "hinge", "name": "knob", "parts": [{"id": 2, "name": "knob", "children": []}], "jointData": {"axis": {"origin": [0.5279359630874578, 0.4083835309958324, -0.0004391043249808836], "direction": [-9.926254200770128e-06, 0.0010880567762528118, 0.9999994080167854]}, "limit": {"a": 0, "b": 0, "noLimit": true}}}, {"id": 2, "parent": 8, "joint": "hinge", "name": "knob", "parts": [{"id": 3, "name": "knob", "children": []}], "jointData": {"axis": {"origin": [0.3936376441099773, 0.4081314991254458, -0.0006633374896435461], "direction": [-1.4959745792036126e-05, 0.0016397295493396943, 0.9999986555307018]}, "limit": {"a": 0, "b": 0, "noLimit": true}}}, {"id": 3, "parent": 8, "joint": "hinge", "name": "knob", "parts": [{"id": 4, "name": "knob", "children": []}], "jointData": {"axis": {"origin": [0.25789281744188264, 0.4082611783237433, -0.0005503261980142317], "direction": [-1.2354121449358792e-05, 0.0013557785572692015, 0.9999990808555173]}, "limit": {"a": 0, "b": 0, "noLimit": true}}}, {"id": 4, "parent": 8, "joint": "hinge", "name": "knob", "parts": [{"id": 5, "name": "knob", "children": []}], "jointData": {"axis": {"origin": [0.1221521634412283, 0.4079608551447811, -0.000818675267315887], "direction": [-1.8376085426153664e-05, 0.00201224777374971, 0.9999979752585585]}, "limit": {"a": 0, "b": 0, "noLimit": true}}}, {"id": 5, "parent": 8, "joint": "hinge", "name": "knob", "parts": [{"id": 6, "name": "knob", "children": []}], "jointData": {"axis": {"origin": [-0.2520115152106967, 0.40796059379703353, -0.0008256871908699473], "direction": [1.8363239884593445e-05, -0.0020125909119670863, -0.9999979745682551]}, "limit": {"a": 0, "b": 0, "noLimit": true}}}, {"id": 6, "parent": 8, "joint": "hinge", "name": "knob", "parts": [{"id": 7, "name": "knob", "children": []}], "jointData": {"axis": {"origin": [-0.38775517069454707, 0.407960597833469, -0.0008280445203390807], "direction": [1.8375675945989576e-05, -0.0020122472129289115, -0.9999979752596946]}, "limit": {"a": 0, "b": 0, "noLimit": true}}}, {"id": 7, "parent": 8, "joint": "hinge", "name": "knob", "parts": [{"id": 8, "name": "knob", "children": []}], "jointData": {"axis": {"origin": [-0.5234985105905582, 0.4079607797012221, -0.0008304912171875477], "direction": [1.833124623741794e-05, -0.0020121863623509227, -0.9999979753829549]}, "limit": {"a": 0, "b": 0, "noLimit": true}}}, {"id": 8, "parent": -1, "joint": "heavy", "name": "base_body", "parts": [{"id": 9, "name": "base_body", "children": []}], "jointData": {}}]