[{"id":0,"parent":4,"joint":"slider","name":"drawer","parts":[{"id":64,"name":"drawer_front","children":[]},{"id":65,"name":"drawer_side","children":[]},{"id":66,"name":"drawer_bottom","children":[]},{"id":67,"name":"drawer_bottom","children":[]},{"id":63,"name":"handle","children":[]}],"jointData":{"axis":{"origin":[0,0,0],"direction":[0,0,1]},"limit":{"a":0,"b":0.67,"noLimit":false}}},{"id":1,"parent":4,"joint":"slider","name":"drawer","parts":[{"id":58,"name":"drawer_front","children":[]},{"id":59,"name":"drawer_side","children":[]},{"id":60,"name":"drawer_bottom","children":[]},{"id":61,"name":"drawer_bottom","children":[]},{"id":57,"name":"handle","children":[]}],"jointData":{"axis":{"origin":[0,0,0],"direction":[0,0,1]},"limit":{"a":0,"b":0.67,"noLimit":false}}},{"id":2,"parent":4,"joint":"hinge","name":"cabinet_door","parts":[{"id":54,"name":"cabinet_door_surface","children":[]},{"id":55,"name":"handle","children":[]}],"jointData":{"axis":{"origin":[0.43465026386167993,-0.010054999999999481,0.39304287725689097],"direction":[0,1,0]},"limit":{"a":-46.079999999999984,"b":48.24,"noLimit":false}}},{"id":3,"parent":4,"joint":"hinge","name":"cabinet_door","parts":[{"id":52,"name":"cabinet_door_surface","children":[]},{"id":53,"name":"handle","children":[]}],"jointData":{"axis":{"origin":[-0.49216179542157734,-0.010054999999999481,0.3693662469983313],"direction":[0,1,0]},"limit":{"a":0,"b":-90,"noLimit":false}}},{"id":4,"parent":-1,"joint":"heavy","name":"board","parts":[{"id":6,"name":"board","children":[]},{"id":22,"name":"shelf","children":[]},{"id":23,"name":"back_panel","children":[]},{"id":24,"name":"vertical_side_panel","children":[]},{"id":25,"name":"vertical_side_panel","children":[]},{"id":26,"name":"vertical_front_panel","children":[]},{"id":27,"name":"vertical_divider_panel","children":[]},{"id":28,"name":"vertical_divider_panel","children":[]},{"id":29,"name":"bottom_panel","children":[]},{"id":30,"name":"leg","children":[]},{"id":31,"name":"leg","children":[]},{"id":32,"name":"leg","children":[]},{"id":33,"name":"leg","children":[]},{"id":34,"name":"bar_stretcher","children":[]},{"id":35,"name":"bar_stretcher","children":[]},{"id":36,"name":"bar_stretcher","children":[]},{"id":37,"name":"bar_stretcher","children":[]},{"id":38,"name":"bar_stretcher","children":[]},{"id":39,"name":"bar_stretcher","children":[]},{"id":40,"name":"bar_stretcher","children":[]},{"id":41,"name":"bar_stretcher","children":[]},{"id":42,"name":"bar_stretcher","children":[]},{"id":43,"name":"bar_stretcher","children":[]},{"id":44,"name":"bar_stretcher","children":[]},{"id":45,"name":"bar_stretcher","children":[]},{"id":46,"name":"bar_stretcher","children":[]},{"id":47,"name":"bar_stretcher","children":[]},{"id":48,"name":"bar_stretcher","children":[]},{"id":49,"name":"bar_stretcher","children":[]},{"id":50,"name":"bar_stretcher","children":[]},{"id":51,"name":"bar_stretcher","children":[]}],"jointData":{}}]