[{"id":0,"parent":2,"joint":"hinge","name":"door","parts":[{"id":13,"name":"door_frame","children":[]},{"id":14,"name":"handle","children":[]}],"jointData":{"axis":{"origin":[-0.5038798779540579,0.757308,0.3910896986000594],"direction":[0,-1,0]},"limit":{"a":0,"b":180,"noLimit":false}}},{"id":1,"parent":2,"joint":"hinge","name":"door","parts":[{"id":11,"name":"door_frame","children":[]},{"id":12,"name":"handle","children":[]}],"jointData":{"axis":{"origin":[0.4877117157723351,0.7573079999999996,0.38152655059947566],"direction":[0,-1,0]},"limit":{"a":0,"b":-180,"noLimit":false}}},{"id":2,"parent":-1,"joint":"heavy","name":"frame","parts":[{"id":8,"name":"frame","children":[]},{"id":4,"name":"foot","children":[]},{"id":5,"name":"foot","children":[]},{"id":6,"name":"foot","children":[]},{"id":7,"name":"foot","children":[]}],"jointData":{}}]