[{"id":0,"parent":4,"joint":"hinge","name":"cabinet_door","parts":[{"id":13,"name":"cabinet_door_surface","children":[]},{"id":15,"name":"handle","children":[]}],"jointData":{"axis":{"origin":[0.48763457030600954,-0.8759099841117859,0.23340873158636544],"direction":[0,-0.9999999999999999,0]},"limit":{"a":0,"b":-90,"noLimit":false}}},{"id":1,"parent":4,"joint":"hinge","name":"cabinet_door","parts":[{"id":10,"name":"cabinet_door_surface","children":[]},{"id":11,"name":"handle","children":[]}],"jointData":{"axis":{"origin":[0.48763457030600954,-0.8759099841117859,0.23340873158636544],"direction":[0,-0.9999999999999999,0]},"limit":{"a":0,"b":-90,"noLimit":false}}},{"id":2,"parent":4,"joint":"hinge","name":"cabinet_door","parts":[{"id":34,"name":"cabinet_door_surface","children":[]},{"id":35,"name":"handle","children":[]}],"jointData":{"axis":{"origin":[-0.4797364059786151,0.824106991291046,0.23562277916602936],"direction":[0,1,0]},"limit":{"a":0,"b":-90,"noLimit":false}}},{"id":3,"parent":4,"joint":"hinge","name":"cabinet_door","parts":[{"id":32,"name":"cabinet_door_surface","children":[]},{"id":33,"name":"handle","children":[]}],"jointData":{"axis":{"origin":[-0.4797364059786151,0.824106991291046,0.23562277916602936],"direction":[0,1,0]},"limit":{"a":0,"b":-90,"noLimit":false}}},{"id":4,"parent":-1,"joint":"heavy","name":"shelf","parts":[{"id":3,"name":"shelf","children":[]},{"id":4,"name":"shelf","children":[]},{"id":5,"name":"shelf","children":[]},{"id":6,"name":"shelf","children":[]},{"id":17,"name":"vertical_side_panel","children":[]},{"id":18,"name":"vertical_side_panel","children":[]},{"id":19,"name":"back_panel","children":[]},{"id":20,"name":"bottom_panel","children":[]},{"id":21,"name":"top_panel","children":[]},{"id":22,"name":"frame_vertical_bar","children":[]},{"id":23,"name":"frame_vertical_bar","children":[]},{"id":24,"name":"frame_horizontal_bar","children":[]},{"id":25,"name":"frame_horizontal_bar","children":[]},{"id":26,"name":"frame_horizontal_bar","children":[]},{"id":27,"name":"frame_horizontal_bar","children":[]},{"id":28,"name":"frame_horizontal_bar","children":[]},{"id":29,"name":"frame_horizontal_bar","children":[]}],"jointData":{}}]