[{"id":0,"parent":-1,"joint":"heavy","name":"board","parts":[{"id":45,"name":"board","children":[]},{"id":6,"name":"back_panel","children":[]},{"id":7,"name":"vertical_side_panel","children":[]},{"id":8,"name":"vertical_side_panel","children":[]},{"id":9,"name":"leg","children":[]},{"id":10,"name":"leg","children":[]},{"id":11,"name":"leg","children":[]},{"id":12,"name":"leg","children":[]},{"id":27,"name":"vertical_front_panel","children":[]},{"id":28,"name":"bar_stretcher","children":[]},{"id":29,"name":"bar_stretcher","children":[]},{"id":30,"name":"bar_stretcher","children":[]},{"id":31,"name":"bar_stretcher","children":[]},{"id":32,"name":"bar_stretcher","children":[]},{"id":33,"name":"bar_stretcher","children":[]},{"id":38,"name":"tabletop_connector","children":[]},{"id":39,"name":"tabletop_connector","children":[]},{"id":40,"name":"tabletop_connector","children":[]},{"id":41,"name":"tabletop_connector","children":[]},{"id":42,"name":"tabletop_connector","children":[]},{"id":43,"name":"tabletop_connector","children":[]},{"id":36,"name":"drawer_rails","children":[]},{"id":37,"name":"drawer_rails","children":[]},{"id":34,"name":"drawer_rails","children":[]},{"id":35,"name":"drawer_rails","children":[]}],"jointData":{}},{"id":1,"parent":0,"joint":"slider","name":"handle","parts":[{"id":21,"name":"handle","children":[]},{"id":22,"name":"drawer_front","children":[]},{"id":23,"name":"drawer_side","children":[]},{"id":24,"name":"drawer_side","children":[]},{"id":25,"name":"drawer_back","children":[]},{"id":26,"name":"drawer_bottom","children":[]}],"jointData":{"axis":{"origin":[0,0,0],"direction":[0,0,1]},"limit":{"a":0,"b":0.2679999999999998,"noLimit":false}}},{"id":2,"parent":0,"joint":"slider","name":"handle","parts":[{"id":14,"name":"handle","children":[]},{"id":15,"name":"drawer_front","children":[]},{"id":16,"name":"drawer_side","children":[]},{"id":17,"name":"drawer_side","children":[]},{"id":18,"name":"drawer_back","children":[]},{"id":19,"name":"drawer_bottom","children":[]}],"jointData":{"axis":{"origin":[0,0,0],"direction":[0,0,1]},"limit":{"a":-0.1399999999999999,"b":0.14000000000000012,"noLimit":false}}}]