[{"id":0,"parent":2,"joint":"hinge","name":"cabinet_door","parts":[{"id":11,"name":"cabinet_door_surface","children":[]},{"id":12,"name":"handle","children":[]}],"jointData":{"axis":{"origin":[0.6989321953097379,0.3683679997920989,0.3397651867216073],"direction":[0,1,0]},"limit":{"a":0,"b":104.03999999999999,"noLimit":false}}},{"id":1,"parent":2,"joint":"hinge","name":"cabinet_door","parts":[{"id":9,"name":"cabinet_door_surface","children":[]},{"id":10,"name":"handle","children":[]}],"jointData":{"axis":{"origin":[-0.7417764979513077,-0.4749380052089691,0.3389278181159854],"direction":[0,-1,0]},"limit":{"a":0,"b":104.03999999999999,"noLimit":false}}},{"id":2,"parent":-1,"joint":"heavy","name":"drawer_front","parts":[{"id":8,"name":"drawer_front","children":[]},{"id":20,"name":"back_panel","children":[]},{"id":21,"name":"bottom_panel","children":[]},{"id":22,"name":"frame_vertical_bar","children":[]},{"id":23,"name":"frame_vertical_bar","children":[]},{"id":24,"name":"frame_vertical_bar","children":[]},{"id":25,"name":"frame_vertical_bar","children":[]},{"id":26,"name":"frame_vertical_bar","children":[]},{"id":27,"name":"frame_horizontal_bar","children":[]},{"id":28,"name":"frame_horizontal_bar","children":[]},{"id":29,"name":"frame_horizontal_bar","children":[]},{"id":30,"name":"frame_horizontal_bar","children":[]},{"id":31,"name":"vertical_side_panel","children":[]},{"id":32,"name":"vertical_side_panel","children":[]},{"id":34,"name":"other_leaf","children":[]},{"id":14,"name":"base_side_panel","children":[]},{"id":15,"name":"base_side_panel","children":[]},{"id":16,"name":"base_side_panel","children":[]},{"id":17,"name":"base_side_panel","children":[]}],"jointData":{}}]