[{"id":0,"parent":1,"joint":"hinge","name":"door","parts":[{"id":18,"name":"door_frame","children":[]},{"id":19,"name":"handle","children":[]}],"jointData":{"axis":{"origin":[0.3807878965770184,0.7201900000000003,0.3004950962124482],"direction":[0,-1,0]},"limit":{"a":0,"b":-180,"noLimit":false}}},{"id":1,"parent":-1,"joint":"heavy","name":"frame","parts":[{"id":11,"name":"frame","children":[]},{"id":4,"name":"foot","children":[]},{"id":5,"name":"foot","children":[]},{"id":6,"name":"foot","children":[]},{"id":7,"name":"foot","children":[]}],"jointData":{}},{"id":2,"parent":1,"joint":"hinge","name":"other_leaf","parts":[{"id":15,"name":"other_leaf","children":[]},{"id":16,"name":"door_frame","children":[]},{"id":17,"name":"handle","children":[]}],"jointData":{"axis":{"origin":[0.3807878965770184,0.7201900000000003,0.3004950962124482],"direction":[0,-1,0]},"limit":{"a":0,"b":-180,"noLimit":false}}}]