[{"id":0,"parent":3,"joint":"slider","name":"drawer","parts":[{"id":42,"name":"drawer_front","children":[]},{"id":43,"name":"drawer_side","children":[]},{"id":44,"name":"drawer_side","children":[]},{"id":45,"name":"drawer_back","children":[]},{"id":46,"name":"drawer_bottom","children":[]},{"id":48,"name":"other_leaf","children":[]},{"id":67,"name":"drawer_front","children":[]},{"id":41,"name":"handle","children":[]}],"jointData":{"axis":{"origin":[0.14754418238352668,-0.3090185484725288,0.538657009601593],"direction":[0,0,1]},"limit":{"a":0,"b":0.7999999999999998,"noLimit":false}}},{"id":1,"parent":3,"joint":"slider","name":"drawer","parts":[{"id":33,"name":"drawer_side","children":[]},{"id":34,"name":"drawer_side","children":[]},{"id":35,"name":"drawer_back","children":[]},{"id":36,"name":"drawer_bottom","children":[]},{"id":39,"name":"other_leaf","children":[]},{"id":68,"name":"drawer_front","children":[]},{"id":31,"name":"handle","children":[]}],"jointData":{"axis":{"origin":[-0.06597755242387357,0.15464955017204704,-0.47079199552536055],"direction":[0,0,1]},"limit":{"a":0,"b":0.7999999999999998,"noLimit":false}}},{"id":2,"parent":3,"joint":"slider","name":"drawer","parts":[{"id":10,"name":"drawer_side","children":[]},{"id":11,"name":"drawer_side","children":[]},{"id":12,"name":"drawer_back","children":[]},{"id":13,"name":"drawer_bottom","children":[]},{"id":14,"name":"drawer_front","children":[]},{"id":16,"name":"other_leaf","children":[]},{"id":8,"name":"handle","children":[]}],"jointData":{"axis":{"origin":[-0.015975571246585413,0.5151023282218963,-0.4707919955253601],"direction":[0,0,1]},"limit":{"a":0,"b":0.7999999999999998,"noLimit":false}}},{"id":3,"parent":-1,"joint":"heavy","name":"cabinet_frame","parts":[{"id":23,"name":"vertical_side_panel","children":[]},{"id":24,"name":"vertical_side_panel","children":[]},{"id":27,"name":"back_panel","children":[]},{"id":28,"name":"bottom_panel","children":[]},{"id":54,"name":"frame_vertical_bar","children":[]},{"id":55,"name":"frame_vertical_bar","children":[]},{"id":56,"name":"frame_horizontal_bar","children":[]},{"id":57,"name":"frame_horizontal_bar","children":[]},{"id":58,"name":"frame_horizontal_bar","children":[]},{"id":59,"name":"frame_horizontal_bar","children":[]},{"id":60,"name":"frame_horizontal_bar","children":[]},{"id":61,"name":"frame_horizontal_bar","children":[]},{"id":62,"name":"frame_horizontal_bar","children":[]},{"id":64,"name":"other_leaf","children":[]},{"id":50,"name":"base_side_panel","children":[]},{"id":51,"name":"base_side_panel","children":[]},{"id":52,"name":"base_side_panel","children":[]},{"id":53,"name":"base_side_panel","children":[]}],"jointData":{}}]