[{"id":0,"parent":-1,"joint":"heavy","name":"drawer_rails","parts":[{"id":98,"name":"drawer_rails","children":[]},{"id":99,"name":"drawer_rails","children":[]},{"id":89,"name":"drawer_rails","children":[]},{"id":90,"name":"drawer_rails","children":[]},{"id":80,"name":"drawer_rails","children":[]},{"id":81,"name":"drawer_rails","children":[]},{"id":71,"name":"drawer_rails","children":[]},{"id":72,"name":"drawer_rails","children":[]},{"id":62,"name":"drawer_rails","children":[]},{"id":63,"name":"drawer_rails","children":[]},{"id":53,"name":"drawer_rails","children":[]},{"id":54,"name":"drawer_rails","children":[]},{"id":44,"name":"drawer_rails","children":[]},{"id":45,"name":"drawer_rails","children":[]},{"id":35,"name":"drawer_rails","children":[]},{"id":36,"name":"drawer_rails","children":[]},{"id":26,"name":"drawer_rails","children":[]},{"id":27,"name":"drawer_rails","children":[]},{"id":15,"name":"drawer_rails","children":[]},{"id":16,"name":"drawer_rails","children":[]},{"id":116,"name":"vertical_side_panel","children":[]},{"id":117,"name":"vertical_side_panel","children":[]},{"id":118,"name":"back_panel","children":[]},{"id":119,"name":"bottom_panel","children":[]},{"id":120,"name":"top_panel","children":[]},{"id":121,"name":"frame_horizontal_bar","children":[]},{"id":122,"name":"frame_horizontal_bar","children":[]},{"id":109,"name":"drawer_rails","children":[]},{"id":110,"name":"drawer_rails","children":[]}],"jointData":{}},{"id":1,"parent":0,"joint":"slider","name":"handle","parts":[{"id":97,"name":"handle","children":[]},{"id":100,"name":"drawer_front","children":[]},{"id":101,"name":"drawer_side","children":[]},{"id":102,"name":"drawer_side","children":[]},{"id":103,"name":"drawer_back","children":[]},{"id":104,"name":"drawer_bottom","children":[]}],"jointData":{"axis":{"origin":[0,0,0],"direction":[0,0,1]},"limit":{"a":0,"b":0.7,"noLimit":false}}},{"id":2,"parent":0,"joint":"slider","name":"handle","parts":[{"id":88,"name":"handle","children":[]},{"id":91,"name":"drawer_front","children":[]},{"id":92,"name":"drawer_side","children":[]},{"id":93,"name":"drawer_side","children":[]},{"id":94,"name":"drawer_back","children":[]},{"id":95,"name":"drawer_bottom","children":[]}],"jointData":{"axis":{"origin":[0,0,0],"direction":[0,0,1]},"limit":{"a":0,"b":0.7,"noLimit":false}}},{"id":3,"parent":0,"joint":"slider","name":"handle","parts":[{"id":79,"name":"handle","children":[]},{"id":82,"name":"drawer_front","children":[]},{"id":83,"name":"drawer_side","children":[]},{"id":84,"name":"drawer_side","children":[]},{"id":85,"name":"drawer_back","children":[]},{"id":86,"name":"drawer_bottom","children":[]}],"jointData":{"axis":{"origin":[0,0,0],"direction":[0,0,1]},"limit":{"a":0,"b":0.7,"noLimit":false}}},{"id":4,"parent":0,"joint":"slider","name":"handle","parts":[{"id":70,"name":"handle","children":[]},{"id":73,"name":"drawer_front","children":[]},{"id":74,"name":"drawer_side","children":[]},{"id":75,"name":"drawer_side","children":[]},{"id":76,"name":"drawer_back","children":[]},{"id":77,"name":"drawer_bottom","children":[]}],"jointData":{"axis":{"origin":[0,0,0],"direction":[0,0,1]},"limit":{"a":0,"b":0.7,"noLimit":false}}},{"id":5,"parent":0,"joint":"slider","name":"handle","parts":[{"id":61,"name":"handle","children":[]},{"id":64,"name":"drawer_front","children":[]},{"id":65,"name":"drawer_side","children":[]},{"id":66,"name":"drawer_side","children":[]},{"id":67,"name":"drawer_back","children":[]},{"id":68,"name":"drawer_bottom","children":[]}],"jointData":{"axis":{"origin":[0,0,0],"direction":[0,0,1]},"limit":{"a":0,"b":0.7,"noLimit":false}}},{"id":6,"parent":0,"joint":"slider","name":"handle","parts":[{"id":52,"name":"handle","children":[]},{"id":55,"name":"drawer_front","children":[]},{"id":56,"name":"drawer_side","children":[]},{"id":57,"name":"drawer_side","children":[]},{"id":58,"name":"drawer_back","children":[]},{"id":59,"name":"drawer_bottom","children":[]}],"jointData":{"axis":{"origin":[0,0,0],"direction":[0,0,1]},"limit":{"a":0,"b":0.7,"noLimit":false}}},{"id":7,"parent":0,"joint":"slider","name":"handle","parts":[{"id":43,"name":"handle","children":[]},{"id":46,"name":"drawer_front","children":[]},{"id":47,"name":"drawer_side","children":[]},{"id":48,"name":"drawer_side","children":[]},{"id":49,"name":"drawer_back","children":[]},{"id":50,"name":"drawer_bottom","children":[]}],"jointData":{"axis":{"origin":[0,0,0],"direction":[0,0,1]},"limit":{"a":0,"b":0.7,"noLimit":false}}},{"id":8,"parent":0,"joint":"slider","name":"handle","parts":[{"id":34,"name":"handle","children":[]},{"id":37,"name":"drawer_front","children":[]},{"id":38,"name":"drawer_side","children":[]},{"id":39,"name":"drawer_side","children":[]},{"id":40,"name":"drawer_back","children":[]},{"id":41,"name":"drawer_bottom","children":[]}],"jointData":{"axis":{"origin":[0,0,0],"direction":[0,0,1]},"limit":{"a":0,"b":0.7,"noLimit":false}}},{"id":9,"parent":0,"joint":"slider","name":"handle","parts":[{"id":25,"name":"handle","children":[]},{"id":28,"name":"drawer_front","children":[]},{"id":29,"name":"drawer_side","children":[]},{"id":30,"name":"drawer_side","children":[]},{"id":31,"name":"drawer_back","children":[]},{"id":32,"name":"drawer_bottom","children":[]}],"jointData":{"axis":{"origin":[0,0,0],"direction":[0,0,1]},"limit":{"a":0,"b":0.7,"noLimit":false}}},{"id":10,"parent":0,"joint":"slider","name":"handle","parts":[{"id":14,"name":"handle","children":[]},{"id":19,"name":"drawer_front","children":[]},{"id":20,"name":"drawer_side","children":[]},{"id":21,"name":"drawer_side","children":[]},{"id":22,"name":"drawer_back","children":[]},{"id":23,"name":"drawer_bottom","children":[]}],"jointData":{"axis":{"origin":[0,0,0],"direction":[0,0,1]},"limit":{"a":0,"b":0.7,"noLimit":false}}},{"id":11,"parent":0,"joint":"slider","name":"handle","parts":[{"id":108,"name":"handle","children":[]},{"id":111,"name":"drawer_front","children":[]},{"id":112,"name":"drawer_side","children":[]},{"id":113,"name":"drawer_side","children":[]},{"id":114,"name":"drawer_back","children":[]},{"id":115,"name":"drawer_bottom","children":[]}],"jointData":{"axis":{"origin":[0,0,0],"direction":[0,0,1]},"limit":{"a":0,"b":0.7,"noLimit":false}}}]