[{"id":0,"parent":4,"joint":"slider","name":"drawer","parts":[{"id":46,"name":"drawer_front","children":[]},{"id":47,"name":"drawer_front","children":[]},{"id":48,"name":"drawer_side","children":[]},{"id":49,"name":"drawer_side","children":[]},{"id":50,"name":"drawer_back","children":[]},{"id":51,"name":"drawer_bottom","children":[]},{"id":53,"name":"other_leaf","children":[]},{"id":45,"name":"handle","children":[]}],"jointData":{"axis":{"origin":[0,0,0],"direction":[0,0,1]},"limit":{"a":0,"b":0.55,"noLimit":false}}},{"id":1,"parent":4,"joint":"slider","name":"drawer","parts":[{"id":36,"name":"drawer_front","children":[]},{"id":37,"name":"drawer_front","children":[]},{"id":38,"name":"drawer_side","children":[]},{"id":39,"name":"drawer_side","children":[]},{"id":40,"name":"drawer_back","children":[]},{"id":41,"name":"drawer_bottom","children":[]},{"id":43,"name":"other_leaf","children":[]},{"id":35,"name":"handle","children":[]}],"jointData":{"axis":{"origin":[0,0,0],"direction":[0,0,1]},"limit":{"a":0,"b":0.55,"noLimit":false}}},{"id":2,"parent":4,"joint":"slider","name":"drawer","parts":[{"id":26,"name":"drawer_front","children":[]},{"id":27,"name":"drawer_front","children":[]},{"id":28,"name":"drawer_side","children":[]},{"id":29,"name":"drawer_side","children":[]},{"id":30,"name":"drawer_back","children":[]},{"id":31,"name":"drawer_bottom","children":[]},{"id":33,"name":"other_leaf","children":[]},{"id":25,"name":"handle","children":[]}],"jointData":{"axis":{"origin":[0,0,0],"direction":[0,0,1]},"limit":{"a":0,"b":0.55,"noLimit":false}}},{"id":3,"parent":4,"joint":"slider","name":"drawer","parts":[{"id":17,"name":"other_leaf","children":[]},{"id":18,"name":"drawer_front","children":[]},{"id":19,"name":"drawer_front","children":[]},{"id":20,"name":"drawer_side","children":[]},{"id":21,"name":"drawer_side","children":[]},{"id":22,"name":"drawer_back","children":[]},{"id":23,"name":"drawer_bottom","children":[]},{"id":9,"name":"handle","children":[]}],"jointData":{"axis":{"origin":[0,0,0],"direction":[0,0,1]},"limit":{"a":0,"b":0.55,"noLimit":false}}},{"id":4,"parent":-1,"joint":"heavy","name":"cabinet_frame","parts":[{"id":75,"name":"frame_vertical_bar","children":[]},{"id":76,"name":"frame_vertical_bar","children":[]},{"id":77,"name":"frame_horizontal_bar","children":[]},{"id":78,"name":"frame_horizontal_bar","children":[]},{"id":79,"name":"frame_horizontal_bar","children":[]},{"id":80,"name":"frame_horizontal_bar","children":[]},{"id":81,"name":"frame_horizontal_bar","children":[]},{"id":82,"name":"vertical_side_panel","children":[]},{"id":83,"name":"vertical_side_panel","children":[]},{"id":84,"name":"back_panel","children":[]},{"id":85,"name":"bottom_panel","children":[]},{"id":86,"name":"frame_horizontal_bar","children":[]},{"id":87,"name":"frame_horizontal_bar","children":[]},{"id":89,"name":"other_leaf","children":[]},{"id":55,"name":"base_side_panel","children":[]},{"id":56,"name":"base_side_panel","children":[]},{"id":57,"name":"base_side_panel","children":[]},{"id":58,"name":"base_side_panel","children":[]}],"jointData":{}}]