[{"id":0,"parent":4,"joint":"hinge","name":"cabinet_door","parts":[{"id":25,"name":"cabinet_door_surface","children":[]},{"id":26,"name":"handle","children":[]}],"jointData":{"axis":{"origin":[0.7041469089351888,-0.49700701236724854,0.4113315955207476],"direction":[0,-1,0]},"limit":{"a":0,"b":-90,"noLimit":false}}},{"id":1,"parent":4,"joint":"hinge","name":"cabinet_door","parts":[{"id":23,"name":"cabinet_door_surface","children":[]},{"id":24,"name":"handle","children":[]}],"jointData":{"axis":{"origin":[-0.6910504442358187,-0.49700701236724854,0.4112075417603299],"direction":[0,-1,0]},"limit":{"a":0,"b":90,"noLimit":false}}},{"id":2,"parent":4,"joint":"slider","name":"drawer","parts":[{"id":18,"name":"drawer_front","children":[]},{"id":19,"name":"drawer_side","children":[]},{"id":20,"name":"drawer_side","children":[]},{"id":21,"name":"drawer_back","children":[]},{"id":22,"name":"drawer_bottom","children":[]},{"id":17,"name":"handle","children":[]}],"jointData":{"axis":{"origin":[0.34667429663695537,0.45256706425365034,-0.4432469904422758],"direction":[0,0,1]},"limit":{"a":0,"b":0.6400000000000001,"noLimit":false}}},{"id":3,"parent":4,"joint":"slider","name":"drawer","parts":[{"id":11,"name":"drawer_front","children":[]},{"id":12,"name":"drawer_side","children":[]},{"id":13,"name":"drawer_side","children":[]},{"id":14,"name":"drawer_back","children":[]},{"id":15,"name":"drawer_bottom","children":[]},{"id":10,"name":"handle","children":[]}],"jointData":{"axis":{"origin":[-0.3462155333776942,0.4764249706907447,-0.44324699044227667],"direction":[0,0,1]},"limit":{"a":0,"b":0.6400000000000001,"noLimit":false}}},{"id":4,"parent":-1,"joint":"heavy","name":"shelf","parts":[{"id":4,"name":"shelf","children":[]},{"id":32,"name":"vertical_side_panel","children":[]},{"id":33,"name":"vertical_side_panel","children":[]},{"id":34,"name":"back_panel","children":[]},{"id":35,"name":"bottom_panel","children":[]},{"id":36,"name":"frame_vertical_bar","children":[]},{"id":37,"name":"frame_vertical_bar","children":[]},{"id":38,"name":"frame_vertical_bar","children":[]},{"id":40,"name":"frame_horizontal_bar","children":[]},{"id":41,"name":"frame_horizontal_bar","children":[]},{"id":42,"name":"frame_horizontal_bar","children":[]},{"id":43,"name":"frame_horizontal_bar","children":[]},{"id":44,"name":"frame_horizontal_bar","children":[]},{"id":45,"name":"frame_horizontal_bar","children":[]},{"id":28,"name":"base_side_panel","children":[]},{"id":29,"name":"base_side_panel","children":[]},{"id":30,"name":"base_side_panel","children":[]},{"id":31,"name":"base_side_panel","children":[]}],"jointData":{}}]