[{"id":0,"parent":2,"joint":"slider","name":"drawer","parts":[{"id":9,"name":"drawer_side","children":[]},{"id":10,"name":"drawer_side","children":[]},{"id":11,"name":"drawer_back","children":[]},{"id":12,"name":"drawer_bottom","children":[]},{"id":13,"name":"drawer_front","children":[]},{"id":14,"name":"drawer_front","children":[]},{"id":16,"name":"other_leaf","children":[]},{"id":6,"name":"handle","children":[]}],"jointData":{"axis":{"origin":[-0.014150326550357542,0.537586949200996,0.49205100536346436],"direction":[0,0,1]},"limit":{"a":0,"b":0.7599999999999998,"noLimit":false}}},{"id":1,"parent":2,"joint":"hinge","name":"cabinet_door","parts":[{"id":24,"name":"cabinet_door_surface","children":[]},{"id":25,"name":"handle","children":[]}],"jointData":{"axis":{"origin":[-0.3576991815647425,-0.5905939936637881,0.4915551643686961],"direction":[0,-1,0]},"limit":{"a":0,"b":90,"noLimit":false}}},{"id":2,"parent":-1,"joint":"heavy","name":"shelf","parts":[{"id":27,"name":"shelf","children":[]},{"id":18,"name":"base_side_panel","children":[]},{"id":19,"name":"base_side_panel","children":[]},{"id":20,"name":"base_side_panel","children":[]},{"id":21,"name":"base_side_panel","children":[]},{"id":28,"name":"vertical_side_panel","children":[]},{"id":29,"name":"vertical_side_panel","children":[]},{"id":30,"name":"back_panel","children":[]},{"id":31,"name":"bottom_panel","children":[]},{"id":32,"name":"frame_vertical_bar","children":[]},{"id":33,"name":"frame_vertical_bar","children":[]},{"id":34,"name":"frame_horizontal_bar","children":[]},{"id":35,"name":"frame_horizontal_bar","children":[]},{"id":36,"name":"frame_horizontal_bar","children":[]},{"id":37,"name":"frame_horizontal_bar","children":[]},{"id":39,"name":"other_leaf","children":[]}],"jointData":{}}]