[{"id":0,"parent":-1,"joint":"heavy","name":"frame","parts":[{"id":25,"name":"frame","children":[]}],"jointData":{}},{"id":1,"parent":0,"joint":"hinge","name":"door","parts":[{"id":22,"name":"door_frame","children":[]},{"id":23,"name":"handle","children":[]}],"jointData":{"axis":{"origin":[0.39401300003961603,0.8371789999999999,0.41906307121052194],"direction":[0,-1,0]},"limit":{"a":0,"b":-180,"noLimit":false}}},{"id":2,"parent":0,"joint":"hinge","name":"display_panel","parts":[{"id":27,"name":"display_panel","children":[]},{"id":31,"name":"other_leaf","children":[]},{"id":20,"name":"door_frame","children":[]},{"id":21,"name":"handle","children":[]}],"jointData":{"axis":{"origin":[-0.395394073019945,0.8371789999999999,0.4175055191637276],"direction":[0,-1,0]},"limit":{"a":0,"b":180,"noLimit":false}}}]