[{"id":0,"parent":4,"joint":"hinge","name":"cabinet_door","parts":[{"id":25,"name":"cabinet_door_surface","children":[]},{"id":26,"name":"handle","children":[]}],"jointData":{"axis":{"origin":[0.6681607803488558,-0.5002580285072327,0.4117648367332666],"direction":[0,-1,0]},"limit":{"a":0,"b":-90,"noLimit":false}}},{"id":1,"parent":4,"joint":"hinge","name":"cabinet_door","parts":[{"id":23,"name":"cabinet_door_surface","children":[]},{"id":24,"name":"handle","children":[]}],"jointData":{"axis":{"origin":[-0.6813071306647132,-0.5002580285072327,0.40982595009476297],"direction":[0,-1,0]},"limit":{"a":0,"b":90,"noLimit":false}}},{"id":2,"parent":4,"joint":"slider","name":"drawer","parts":[{"id":18,"name":"drawer_front","children":[]},{"id":19,"name":"drawer_side","children":[]},{"id":20,"name":"drawer_side","children":[]},{"id":21,"name":"drawer_back","children":[]},{"id":22,"name":"drawer_bottom","children":[]},{"id":17,"name":"handle","children":[]}],"jointData":{"axis":{"origin":[0.3216367870406491,0.4078478067291077,-0.41649198532104537],"direction":[0,0,0.9999999999999999]},"limit":{"a":0,"b":0.6400000000000001,"noLimit":false}}},{"id":3,"parent":4,"joint":"slider","name":"drawer","parts":[{"id":11,"name":"drawer_front","children":[]},{"id":12,"name":"drawer_side","children":[]},{"id":13,"name":"drawer_side","children":[]},{"id":14,"name":"drawer_back","children":[]},{"id":15,"name":"drawer_bottom","children":[]},{"id":10,"name":"handle","children":[]}],"jointData":{"axis":{"origin":[-0.3642076777137352,0.40596716406381594,-0.41649198532104514],"direction":[0,0,0.9999999999999999]},"limit":{"a":0,"b":0.6400000000000001,"noLimit":false}}},{"id":4,"parent":-1,"joint":"heavy","name":"shelf","parts":[{"id":4,"name":"shelf","children":[]},{"id":40,"name":"other_leaf","children":[]},{"id":31,"name":"vertical_side_panel","children":[]},{"id":32,"name":"vertical_side_panel","children":[]},{"id":33,"name":"vertical_front_panel","children":[]},{"id":34,"name":"back_panel","children":[]},{"id":35,"name":"bottom_panel","children":[]},{"id":36,"name":"frame_horizontal_bar","children":[]},{"id":37,"name":"frame_horizontal_bar","children":[]},{"id":28,"name":"base_side_panel","children":[]},{"id":29,"name":"base_side_panel","children":[]},{"id":30,"name":"base_side_panel","children":[]},{"id":38,"name":"base_side_panel","children":[]}],"jointData":{}}]