[{"id":0,"parent":2,"joint":"hinge","name":"cabinet_door","parts":[{"id":8,"name":"cabinet_door_surface","children":[]},{"id":9,"name":"handle","children":[]}],"jointData":{"axis":{"origin":[0.6293170790203719,0.6086450219154358,0.4252905637110561],"direction":[0,0.9999999999999999,0]},"limit":{"a":0,"b":90,"noLimit":false}}},{"id":1,"parent":2,"joint":"hinge","name":"cabinet_door","parts":[{"id":6,"name":"cabinet_door_surface","children":[]},{"id":7,"name":"handle","children":[]}],"jointData":{"axis":{"origin":[-0.6466144835367729,0.6086450219154358,0.42931528988591117],"direction":[0,0.9999999999999999,0]},"limit":{"a":0,"b":-90,"noLimit":false}}},{"id":2,"parent":-1,"joint":"heavy","name":"shelf","parts":[{"id":23,"name":"shelf","children":[]},{"id":24,"name":"shelf","children":[]},{"id":18,"name":"back_panel","children":[]},{"id":19,"name":"bottom_panel","children":[]},{"id":25,"name":"vertical_side_panel","children":[]},{"id":26,"name":"vertical_side_panel","children":[]},{"id":27,"name":"frame_vertical_bar","children":[]},{"id":28,"name":"frame_vertical_bar","children":[]},{"id":29,"name":"frame_vertical_bar","children":[]},{"id":30,"name":"frame_horizontal_bar","children":[]},{"id":31,"name":"frame_horizontal_bar","children":[]},{"id":32,"name":"frame_horizontal_bar","children":[]},{"id":33,"name":"frame_horizontal_bar","children":[]},{"id":34,"name":"frame_horizontal_bar","children":[]},{"id":36,"name":"other_leaf","children":[]},{"id":11,"name":"base_side_panel","children":[]},{"id":12,"name":"base_side_panel","children":[]},{"id":13,"name":"base_side_panel","children":[]},{"id":14,"name":"base_side_panel","children":[]}],"jointData":{}}]