[{"id":0,"parent":5,"joint":"slider","name":"drawer","parts":[{"id":128,"name":"drawer_front","children":[]},{"id":129,"name":"drawer_side","children":[]},{"id":130,"name":"drawer_side","children":[]},{"id":131,"name":"drawer_back","children":[]},{"id":132,"name":"drawer_bottom","children":[]},{"id":127,"name":"handle","children":[]}],"jointData":{"axis":{"origin":[0,0,0],"direction":[0,0,1]},"limit":{"a":0,"b":0.484,"noLimit":false}}},{"id":1,"parent":5,"joint":"slider","name":"drawer","parts":[{"id":121,"name":"drawer_front","children":[]},{"id":122,"name":"drawer_side","children":[]},{"id":123,"name":"drawer_side","children":[]},{"id":124,"name":"drawer_back","children":[]},{"id":125,"name":"drawer_bottom","children":[]},{"id":120,"name":"handle","children":[]}],"jointData":{"axis":{"origin":[0,0,0],"direction":[0,0,1]},"limit":{"a":0,"b":0.484,"noLimit":false}}},{"id":2,"parent":5,"joint":"slider","name":"drawer","parts":[{"id":114,"name":"drawer_front","children":[]},{"id":115,"name":"drawer_side","children":[]},{"id":116,"name":"drawer_side","children":[]},{"id":117,"name":"drawer_back","children":[]},{"id":118,"name":"drawer_bottom","children":[]},{"id":113,"name":"handle","children":[]}],"jointData":{"axis":{"origin":[0,0,0],"direction":[0,0,1]},"limit":{"a":0,"b":0.484,"noLimit":false}}},{"id":3,"parent":5,"joint":"slider","name":"drawer","parts":[{"id":107,"name":"drawer_front","children":[]},{"id":108,"name":"drawer_side","children":[]},{"id":109,"name":"drawer_side","children":[]},{"id":110,"name":"drawer_back","children":[]},{"id":111,"name":"drawer_bottom","children":[]},{"id":106,"name":"handle","children":[]}],"jointData":{"axis":{"origin":[0,0,0],"direction":[0,0,1]},"limit":{"a":0,"b":0.484,"noLimit":false}}},{"id":4,"parent":5,"joint":"slider","name":"drawer","parts":[{"id":100,"name":"drawer_front","children":[]},{"id":101,"name":"drawer_side","children":[]},{"id":102,"name":"drawer_side","children":[]},{"id":103,"name":"drawer_back","children":[]},{"id":104,"name":"drawer_bottom","children":[]},{"id":99,"name":"handle","children":[]}],"jointData":{"axis":{"origin":[0,0,0],"direction":[0,0,1]},"limit":{"a":0,"b":0.484,"noLimit":false}}},{"id":5,"parent":-1,"joint":"heavy","name":"board","parts":[{"id":10,"name":"board","children":[]},{"id":72,"name":"back_panel","children":[]},{"id":73,"name":"vertical_side_panel","children":[]},{"id":74,"name":"vertical_side_panel","children":[]},{"id":75,"name":"leg","children":[]},{"id":76,"name":"leg","children":[]},{"id":77,"name":"leg","children":[]},{"id":78,"name":"leg","children":[]},{"id":79,"name":"bar_stretcher","children":[]},{"id":80,"name":"bar_stretcher","children":[]},{"id":81,"name":"bar_stretcher","children":[]},{"id":82,"name":"bar_stretcher","children":[]},{"id":83,"name":"bar_stretcher","children":[]},{"id":84,"name":"bar_stretcher","children":[]},{"id":85,"name":"bar_stretcher","children":[]},{"id":86,"name":"bar_stretcher","children":[]},{"id":87,"name":"bar_stretcher","children":[]},{"id":88,"name":"bar_stretcher","children":[]},{"id":89,"name":"bar_stretcher","children":[]},{"id":90,"name":"bar_stretcher","children":[]},{"id":91,"name":"bar_stretcher","children":[]},{"id":92,"name":"bar_stretcher","children":[]},{"id":93,"name":"bar_stretcher","children":[]},{"id":94,"name":"bar_stretcher","children":[]},{"id":95,"name":"bar_stretcher","children":[]},{"id":96,"name":"bar_stretcher","children":[]},{"id":97,"name":"bar_stretcher","children":[]}],"jointData":{}}]