[{"id":0,"parent":2,"joint":"hinge","name":"cabinet_door","parts":[{"id":7,"name":"cabinet_door_surface","children":[]},{"id":8,"name":"handle","children":[]}],"jointData":{"axis":{"origin":[0.30802112225343964,0.9071329832077027,0.30891241058569435],"direction":[0,1,0]},"limit":{"a":0,"b":91.8,"noLimit":false}}},{"id":1,"parent":2,"joint":"hinge","name":"cabinet_door","parts":[{"id":5,"name":"cabinet_door_surface","children":[]},{"id":6,"name":"handle","children":[]}],"jointData":{"axis":{"origin":[0.30802112225343964,0.9071329832077027,0.30891241058569435],"direction":[0,1,0]},"limit":{"a":0,"b":91.8,"noLimit":false}}},{"id":2,"parent":-1,"joint":"heavy","name":"shelf","parts":[{"id":10,"name":"shelf","children":[]},{"id":11,"name":"shelf","children":[]},{"id":12,"name":"shelf","children":[]},{"id":13,"name":"vertical_side_panel","children":[]},{"id":14,"name":"vertical_side_panel","children":[]},{"id":15,"name":"back_panel","children":[]},{"id":16,"name":"bottom_panel","children":[]},{"id":17,"name":"top_panel","children":[]},{"id":18,"name":"frame_horizontal_bar","children":[]},{"id":19,"name":"frame_horizontal_bar","children":[]},{"id":22,"name":"frame_horizontal_bar","children":[]}],"jointData":{}}]