[{"id":0,"parent":3,"joint":"slider","name":"drawer","parts":[{"id":23,"name":"drawer_front","children":[]},{"id":24,"name":"drawer_side","children":[]},{"id":25,"name":"drawer_side","children":[]},{"id":26,"name":"drawer_back","children":[]},{"id":27,"name":"drawer_bottom","children":[]},{"id":22,"name":"handle","children":[]}],"jointData":{"axis":{"origin":[0,0,0],"direction":[0,0,1]},"limit":{"a":0,"b":0.7,"noLimit":false}}},{"id":1,"parent":3,"joint":"slider","name":"drawer","parts":[{"id":16,"name":"drawer_front","children":[]},{"id":17,"name":"drawer_side","children":[]},{"id":18,"name":"drawer_side","children":[]},{"id":19,"name":"drawer_back","children":[]},{"id":20,"name":"drawer_bottom","children":[]},{"id":15,"name":"handle","children":[]}],"jointData":{"axis":{"origin":[0,0,0],"direction":[0,0,1]},"limit":{"a":0,"b":0.7,"noLimit":false}}},{"id":2,"parent":3,"joint":"slider","name":"drawer","parts":[{"id":9,"name":"drawer_front","children":[]},{"id":10,"name":"drawer_side","children":[]},{"id":11,"name":"drawer_side","children":[]},{"id":12,"name":"drawer_back","children":[]},{"id":13,"name":"drawer_bottom","children":[]},{"id":8,"name":"handle","children":[]}],"jointData":{"axis":{"origin":[0,0,0],"direction":[0,0,1]},"limit":{"a":0,"b":0.7,"noLimit":false}}},{"id":3,"parent":-1,"joint":"heavy","name":"cabinet_frame","parts":[{"id":33,"name":"vertical_side_panel","children":[]},{"id":34,"name":"vertical_side_panel","children":[]},{"id":35,"name":"back_panel","children":[]},{"id":36,"name":"bottom_panel","children":[]},{"id":37,"name":"frame_vertical_bar","children":[]},{"id":38,"name":"frame_vertical_bar","children":[]},{"id":39,"name":"frame_horizontal_bar","children":[]},{"id":40,"name":"frame_horizontal_bar","children":[]},{"id":41,"name":"frame_horizontal_bar","children":[]},{"id":42,"name":"frame_horizontal_bar","children":[]},{"id":43,"name":"frame_horizontal_bar","children":[]},{"id":44,"name":"frame_horizontal_bar","children":[]},{"id":45,"name":"frame_horizontal_bar","children":[]},{"id":47,"name":"other_leaf","children":[]},{"id":29,"name":"base_side_panel","children":[]},{"id":30,"name":"base_side_panel","children":[]},{"id":31,"name":"base_side_panel","children":[]},{"id":32,"name":"base_side_panel","children":[]}],"jointData":{}}]