[{"id":0,"parent":-1,"joint":"heavy","name":"cabinet_frame","parts":[{"id":6,"name":"vertical_side_panel","children":[]},{"id":7,"name":"vertical_side_panel","children":[]},{"id":8,"name":"back_panel","children":[]},{"id":9,"name":"bottom_panel","children":[]},{"id":10,"name":"top_panel","children":[]},{"id":11,"name":"frame_horizontal_bar","children":[]},{"id":12,"name":"frame_horizontal_bar","children":[]}],"jointData":{}},{"id":1,"parent":0,"joint":"slider","name":"drawer","parts":[{"id":38,"name":"drawer_front","children":[]},{"id":39,"name":"drawer_side","children":[]},{"id":40,"name":"drawer_side","children":[]},{"id":41,"name":"drawer_back","children":[]},{"id":42,"name":"drawer_bottom","children":[]},{"id":35,"name":"handle","children":[]},{"id":36,"name":"drawer_slider","children":[]},{"id":37,"name":"drawer_slider","children":[]}],"jointData":{"axis":{"origin":[0,0,0],"direction":[0,0,1]},"limit":{"a":0,"b":0.996,"noLimit":false}}},{"id":2,"parent":0,"joint":"slider","name":"drawer","parts":[{"id":29,"name":"drawer_front","children":[]},{"id":30,"name":"drawer_side","children":[]},{"id":31,"name":"drawer_side","children":[]},{"id":32,"name":"drawer_back","children":[]},{"id":33,"name":"drawer_bottom","children":[]},{"id":26,"name":"handle","children":[]},{"id":27,"name":"drawer_slider","children":[]},{"id":28,"name":"drawer_slider","children":[]}],"jointData":{"axis":{"origin":[0,0,0],"direction":[0,0,1]},"limit":{"a":0,"b":0.996,"noLimit":false}}},{"id":3,"parent":0,"joint":"slider","name":"drawer","parts":[{"id":20,"name":"drawer_front","children":[]},{"id":21,"name":"drawer_side","children":[]},{"id":22,"name":"drawer_side","children":[]},{"id":23,"name":"drawer_back","children":[]},{"id":24,"name":"drawer_bottom","children":[]},{"id":17,"name":"handle","children":[]},{"id":18,"name":"drawer_slider","children":[]},{"id":19,"name":"drawer_slider","children":[]}],"jointData":{"axis":{"origin":[0,0,0],"direction":[0,0,1]},"limit":{"a":0,"b":0.996,"noLimit":false}}}]