{
  "11712": {
    "base_link": "link_2",
    "grasp_link": "link_3",
    "target_part": "link_0",
    "joint_type": "hinge",
    "target_joint": "link_2/joint_0",
    "grasp_part_mesh": "data/gapartnet/11712/grasp_part_mesh.stl",
    "gripper_width": 0,
    "height": 0.890797031879425,
    "grasp_pos": [
      -0.38277167081832886,
      0.23849837481975555,
      0.6577023863792419
    ],
    "grasp_part_obb": {
      "center": [
        -0.3841711908285067,
        0.2406201623173585,
        0.659171156306937
      ],
      "extent": [
        0.1827561854250752,
        0.058427301831969494,
        0.027367796491696926
      ],
      "R": [
        [
          [
            2.220446049250313e-16,
            0.0,
            1.0
          ],
          [
            0.0,
            1.0,
            0.0
          ],
          [
            -1.0,
            0.0,
            2.220446049250313e-16
          ]
        ]
      ]
    },
    "grasp_part_abb": {
      "center": [
        -0.38408152759075165,
        0.24024349451065063,
        0.6593621671199799
      ],
      "extent": [
        0.05642697215080261,
        0.024631023406982422,
        0.18209832906723022
      ],
      "R": [
        [
          [
            2.220446049250313e-16,
            0.0,
            1.0
          ],
          [
            0.0,
            1.0,
            0.0
          ],
          [
            -1.0,
            0.0,
            2.220446049250313e-16
          ]
        ]
      ]
    },
    "all_links": [
      "link_0",
      "link_1",
      "link_2",
      "link_3",
      "link_4"
    ]
  },
  "41083": {
    "base_link": "link_4",
    "grasp_link": "link_5",
    "target_part": "link_0",
    "joint_type": "hinge",
    "target_joint": "link_4/joint_0",
    "grasp_part_mesh": "data/gapartnet/41083/grasp_part_mesh.stl",
    "gripper_width": 0,
    "height": 0.6764482984542847,
    "grasp_pos": [
      -0.4576796293258667,
      -0.3406718373298645,
      0.25362956523895264
    ],
    "grasp_part_obb": {
      "center": [
        -0.45838231894843245,
        -0.3366717529138674,
        0.2532347225330894
      ],
      "extent": [
        0.30791070987482083,
        0.04746705561809676,
        0.020892486156142764
      ],
      "R": [
        [
          2.220446049250313e-16,
          0.0,
          1.0
        ],
        [
          1.0,
          2.220446049250313e-16,
          -2.220446049250313e-16
        ],
        [
          -2.220446049250313e-16,
          1.0,
          0.0
        ]
      ]
    },
    "grasp_part_abb": {
      "center": [
        -0.45826664566993713,
        -0.3366542011499405,
        0.25402750074863434
      ],
      "extent": [
        0.0479390025138855,
        0.30790725350379944,
        0.02088102698326111
      ],
      "R": [
        [
          2.220446049250313e-16,
          0.0,
          1.0
        ],
        [
          1.0,
          2.220446049250313e-16,
          -2.220446049250313e-16
        ],
        [
          -2.220446049250313e-16,
          1.0,
          0.0
        ]
      ]
    },
    "all_links": [
      "link_0",
      "link_1",
      "link_2",
      "link_3",
      "link_4",
      "link_5",
      "link_6",
      "link_7",
      "link_8"
    ]
  },
  "101908": {
    "base_link": "link_12",
    "grasp_link": "link_13",
    "target_part": "link_0",
    "joint_type": "hinge",
    "target_joint": "link_12/joint_0",
    "grasp_part_mesh": "data/gapartnet/101908/grasp_part_mesh.stl",
    "gripper_width": 0,
    "height": 0.5330199728012085,
    "grasp_pos": [
      -0.36882439255714417,
      -0.5997869372367859,
      0.17469942569732666
    ],
    "grasp_part_obb": {
      "center": [
        -0.3669809698981103,
        -0.5979227831681516,
        0.1726800268205651
      ],
      "extent": [
        0.3789592412575876,
        0.06710461940343951,
        0.0344018937080461
      ],
      "R": [
        [
          2.220446049250313e-16,
          0.0,
          1.0
        ],
        [
          1.0,
          2.220446049250313e-16,
          -2.220446049250313e-16
        ],
        [
          -2.220446049250313e-16,
          1.0,
          0.0
        ]
      ]
    },
    "grasp_part_abb": {
      "center": [
        -0.3696289658546448,
        -0.597854271531105,
        0.17423787713050842
      ],
      "extent": [
        0.05477792024612427,
        0.3788040578365326,
        0.04606199264526367
      ],
      "R": [
        [
          2.220446049250313e-16,
          0.0,
          1.0
        ],
        [
          1.0,
          2.220446049250313e-16,
          -2.220446049250313e-16
        ],
        [
          -2.220446049250313e-16,
          1.0,
          0.0
        ]
      ]
    },
    "all_links": [
      "link_0",
      "link_1",
      "link_2",
      "link_3",
      "link_4",
      "link_5",
      "link_6",
      "link_7",
      "link_8",
      "link_9",
      "link_10",
      "link_11",
      "link_12",
      "link_13",
      "link_14",
      "link_15"
    ]
  },
  "45238": {
    "base_link": "link_4",
    "grasp_link": "link_5",
    "target_part": "link_0",
    "joint_type": "hinge",
    "target_joint": "link_4/joint_0",
    "grasp_part_mesh": "data/gapartnet/45238/grasp_part_mesh.stl",
    "gripper_width": 0,
    "height": 0.8008827021569014,
    "grasp_pos": [
      -0.45477163791656494,
      -0.0678262859582901,
      0.01860419102013111
    ],
    "grasp_part_obb": {
      "center": [
        -0.4537882451690147,
        -0.06923585598237636,
        0.13744207715536194
      ],
      "extent": [
        0.41657252331916,
        0.06097442974807907,
        0.02340020556241406
      ],
      "R": [
        [
          [
            2.220446049250313e-16,
            0.0,
            1.0
          ],
          [
            0.0,
            1.0,
            0.0
          ],
          [
            -1.0,
            0.0,
            2.220446049250313e-16
          ]
        ]
      ]
    },
    "grasp_part_abb": {
      "center": [
        -0.45386119186878204,
        -0.06913891434669495,
        0.006054520606994629
      ],
      "extent": [
        0.059604376554489136,
        0.020334184169769287,
        0.4164450168609619
      ],
      "R": [
        [
          [
            2.220446049250313e-16,
            0.0,
            1.0
          ],
          [
            0.0,
            1.0,
            0.0
          ],
          [
            -1.0,
            0.0,
            2.220446049250313e-16
          ]
        ]
      ]
    },
    "all_links": [
      "link_0",
      "link_1",
      "link_2",
      "link_3",
      "link_4",
      "link_5",
      "link_6",
      "link_7",
      "link_8"
    ]
  },
  "32932": {
    "base_link": "link_2",
    "grasp_link": "link_3",
    "target_part": "link_0",
    "joint_type": "slider",
    "target_joint": "link_2/joint_0",
    "grasp_part_mesh": "data/gapartnet/32932/grasp_part_mesh.stl",
    "gripper_width": 0,
    "height": 0.9133082753270865,
    "grasp_pos": [
      -0.25424379110336304,
      0.2520301043987274,
      0.01670774258673191
    ],
    "grasp_part_obb": {
      "center": [
        -0.25647445200523517,
        0.24831625129107643,
        0.15108593899705805
      ],
      "extent": [
        0.03572514395735329,
        0.028906100230907034,
        0.03116595921374591
      ],
      "R": [
        [
          [
            2.220446049250313e-16,
            0.0,
            1.0
          ],
          [
            0.0,
            1.0,
            0.0
          ],
          [
            -1.0,
            0.0,
            2.220446049250313e-16
          ]
        ]
      ]
    },
    "grasp_part_abb": {
      "center": [
        -0.2564668208360672,
        0.2502490356564522,
        0.018672180245630443
      ],
      "extent": [
        0.02849563956260681,
        0.03511218726634979,
        0.03526127175427973
      ],
      "R": [
        [
          [
            2.220446049250313e-16,
            0.0,
            1.0
          ],
          [
            0.0,
            1.0,
            0.0
          ],
          [
            -1.0,
            0.0,
            2.220446049250313e-16
          ]
        ]
      ]
    },
    "all_links": [
      "link_0",
      "link_1",
      "link_2",
      "link_3",
      "link_4"
    ]
  },
  "45841": {
    "base_link": "link_0",
    "grasp_link": "link_4",
    "target_part": "link_1",
    "joint_type": "slider",
    "target_joint": "link_0/joint_1",
    "grasp_part_mesh": "data/gapartnet/45841/grasp_part_mesh.stl",
    "gripper_width": 0,
    "height": 0.9784453282356262,
    "grasp_pos": [
      -0.6442473530769348,
      -0.01879732497036457,
      -0.2737463116645813
    ],
    "grasp_part_obb": {
      "center": [
        -0.6239377171307207,
        -0.003463641743955151,
        0.14792223721260517
      ],
      "extent": [
        1.0425347219454844,
        0.07016920215904979,
        0.023592749483008983
      ],
      "R": [
        [
          2.220446049250313e-16,
          0.0,
          1.0
        ],
        [
          1.0,
          2.220446049250313e-16,
          -2.220446049250313e-16
        ],
        [
          -2.220446049250313e-16,
          1.0,
          0.0
        ]
      ]
    },
    "grasp_part_abb": {
      "center": [
        -0.623227596282959,
        -0.00350150465965271,
        -0.27435202896595
      ],
      "extent": [
        0.07078301906585693,
        1.0425450205802917,
        0.02353498339653015
      ],
      "R": [
        [
          2.220446049250313e-16,
          0.0,
          1.0
        ],
        [
          1.0,
          2.220446049250313e-16,
          -2.220446049250313e-16
        ],
        [
          -2.220446049250313e-16,
          1.0,
          0.0
        ]
      ]
    },
    "all_links": [
      "link_0",
      "link_1",
      "link_2",
      "link_3",
      "link_4",
      "link_5",
      "link_6"
    ]
  },
  "44962": {
    "base_link": "link_3",
    "grasp_link": "link_4",
    "target_part": "link_0",
    "joint_type": "slider",
    "target_joint": "link_3/joint_0",
    "grasp_part_mesh": "data/gapartnet/44962/grasp_part_mesh.stl",
    "gripper_width": 0,
    "height": 1.2885495195388792,
    "grasp_pos": [
      -0.5663344264030457,
      0.0321892686188221,
      -0.34314173460006714
    ],
    "grasp_part_obb": {
      "center": [
        -0.562629784875254,
        0.03060961028247105,
        0.14891015205626223
      ],
      "extent": [
        0.18955634339984914,
        0.056001226460423464,
        0.03341407138517795
      ],
      "R": [
        [
          2.220446049250313e-16,
          0.0,
          1.0
        ],
        [
          1.0,
          2.220446049250313e-16,
          -2.220446049250313e-16
        ],
        [
          -2.220446049250313e-16,
          1.0,
          0.0
        ]
      ]
    },
    "grasp_part_abb": {
      "center": [
        -0.5637580156326294,
        0.030833765864372253,
        -0.34726065397262573
      ],
      "extent": [
        0.050202012062072754,
        0.18943801522254944,
        0.03469365835189819
      ],
      "R": [
        [
          2.220446049250313e-16,
          0.0,
          1.0
        ],
        [
          1.0,
          2.220446049250313e-16,
          -2.220446049250313e-16
        ],
        [
          -2.220446049250313e-16,
          1.0,
          0.0
        ]
      ]
    },
    "all_links": [
      "link_0",
      "link_1",
      "link_2",
      "link_3",
      "link_4",
      "link_5",
      "link_6"
    ]
  },
  "45594": {
    "base_link": "link_2",
    "grasp_link": "link_3",
    "target_part": "link_0",
    "joint_type": "hinge",
    "target_joint": "link_2/joint_0",
    "grasp_part_mesh": "data/gapartnet/45594/grasp_part_mesh.stl",
    "gripper_width": 0,
    "height": 1.2655021021366117,
    "grasp_pos": [
      -0.3458268344402313,
      0.25132834911346436,
      -0.2539500892162323
    ],
    "grasp_part_obb": {
      "center": [
        -0.33887286088751817,
        0.2511881067168426,
        0.1548185310503061
      ],
      "extent": [
        0.37616983884484356,
        0.03590761671911495,
        0.012565177726907571
      ],
      "R": [
        [
          [
            2.220446049250313e-16,
            0.0,
            1.0
          ],
          [
            0.0,
            1.0,
            0.0
          ],
          [
            -1.0,
            0.0,
            2.220446049250313e-16
          ]
        ]
      ]
    },
    "grasp_part_abb": {
      "center": [
        -0.33864346146583557,
        0.2517275810241699,
        -0.24912503361701965
      ],
      "extent": [
        0.03615391254425049,
        0.01149284839630127,
        0.3761560320854187
      ],
      "R": [
        [
          [
            2.220446049250313e-16,
            0.0,
            1.0
          ],
          [
            0.0,
            1.0,
            0.0
          ],
          [
            -1.0,
            0.0,
            2.220446049250313e-16
          ]
        ]
      ]
    },
    "all_links": [
      "link_0",
      "link_1",
      "link_2",
      "link_3",
      "link_4"
    ]
  },
  "45159": {
    "base_link": "link_2",
    "grasp_link": "link_3",
    "target_part": "link_0",
    "joint_type": "hinge",
    "target_joint": "link_2/joint_0",
    "grasp_part_mesh": "data/gapartnet/45159/grasp_part_mesh.stl",
    "gripper_width": 0,
    "height": 0.6400907168388367,
    "grasp_pos": [
      -0.46706584095954895,
      -0.32045793533325195,
      0.5754040479660034
    ],
    "grasp_part_obb": {
      "center": [
        -0.46580760198830884,
        -0.31767035861522314,
        0.5755444978126134
      ],
      "extent": [
        0.5228359208281596,
        0.04904816457351889,
        0.01642942722795821
      ],
      "R": [
        [
          2.220446049250313e-16,
          0.0,
          1.0
        ],
        [
          1.0,
          2.220446049250313e-16,
          -2.220446049250313e-16
        ],
        [
          -2.220446049250313e-16,
          1.0,
          0.0
        ]
      ]
    },
    "grasp_part_abb": {
      "center": [
        -0.46552592515945435,
        -0.3176299035549164,
        0.5758354663848877
      ],
      "extent": [
        0.04963785409927368,
        0.5228667855262756,
        0.0164717435836792
      ],
      "R": [
        [
          2.220446049250313e-16,
          0.0,
          1.0
        ],
        [
          1.0,
          2.220446049250313e-16,
          -2.220446049250313e-16
        ],
        [
          -2.220446049250313e-16,
          1.0,
          0.0
        ]
      ]
    },
    "all_links": [
      "link_0",
      "link_1",
      "link_2",
      "link_3",
      "link_4"
    ]
  },
  "46443": {
    "base_link": "link_4",
    "grasp_link": "link_5",
    "target_part": "link_0",
    "joint_type": "slider",
    "target_joint": "link_4/joint_0",
    "grasp_part_mesh": "data/gapartnet/46443/grasp_part_mesh.stl",
    "gripper_width": 0,
    "height": 1.1777963260412214,
    "grasp_pos": [
      -0.4320976436138153,
      0.008674093522131443,
      -0.21916739642620087
    ],
    "grasp_part_obb": {
      "center": [
        -0.43407881685467253,
        3.610340936413808e-05,
        0.1511171129423232
      ],
      "extent": [
        0.5938278883224639,
        0.0799489503370875,
        0.024310194321748444
      ],
      "R": [
        [
          2.220446049250313e-16,
          0.0,
          1.0
        ],
        [
          1.0,
          2.220446049250313e-16,
          -2.220446049250313e-16
        ],
        [
          -2.220446049250313e-16,
          1.0,
          0.0
        ]
      ]
    },
    "grasp_part_abb": {
      "center": [
        -0.4336501955986023,
        -0.0002981126308441162,
        -0.2185947299003601
      ],
      "extent": [
        0.07879239320755005,
        0.5938922762870789,
        0.024206548929214478
      ],
      "R": [
        [
          2.220446049250313e-16,
          0.0,
          1.0
        ],
        [
          1.0,
          2.220446049250313e-16,
          -2.220446049250313e-16
        ],
        [
          -2.220446049250313e-16,
          1.0,
          0.0
        ]
      ]
    },
    "all_links": [
      "link_0",
      "link_1",
      "link_2",
      "link_3",
      "link_4",
      "link_5",
      "link_6",
      "link_7",
      "link_8"
    ]
  },
  "45271": {
    "base_link": "link_6",
    "grasp_link": "link_7",
    "target_part": "link_0",
    "joint_type": "slider",
    "target_joint": "link_6/joint_0",
    "grasp_part_mesh": "data/gapartnet/45271/grasp_part_mesh.stl",
    "gripper_width": 0,
    "height": 0.5207262763977051,
    "grasp_pos": [
      -0.278475284576416,
      -0.5926130414009094,
      0.36082541942596436
    ],
    "grasp_part_obb": {
      "center": [
        -0.27884934382292875,
        -0.5893159634462992,
        0.3611046081411451
      ],
      "extent": [
        0.36259955789995363,
        0.0442371907851908,
        0.01413876726170362
      ],
      "R": [
        [
          2.220446049250313e-16,
          0.0,
          1.0
        ],
        [
          1.0,
          2.220446049250313e-16,
          -2.220446049250313e-16
        ],
        [
          -2.220446049250313e-16,
          1.0,
          0.0
        ]
      ]
    },
    "grasp_part_abb": {
      "center": [
        -0.27908755838871,
        -0.5893807262182236,
        0.36041995882987976
      ],
      "extent": [
        0.03907713294029236,
        0.3621523678302765,
        0.011973917484283447
      ],
      "R": [
        [
          2.220446049250313e-16,
          0.0,
          1.0
        ],
        [
          1.0,
          2.220446049250313e-16,
          -2.220446049250313e-16
        ],
        [
          -2.220446049250313e-16,
          1.0,
          0.0
        ]
      ]
    },
    "all_links": [
      "link_0",
      "link_1",
      "link_2",
      "link_3",
      "link_4",
      "link_5",
      "link_6",
      "link_7",
      "link_8",
      "link_9",
      "link_10",
      "link_11",
      "link_12"
    ]
  },
  "44781": {
    "base_link": "link_3",
    "grasp_link": "link_4",
    "target_part": "link_0",
    "joint_type": "hinge",
    "target_joint": "link_3/joint_0",
    "grasp_part_mesh": "data/gapartnet/44781/grasp_part_mesh.stl",
    "gripper_width": 0,
    "height": 0.9084154324829579,
    "grasp_pos": [
      -0.3809063732624054,
      -0.06475024670362473,
      -0.03471805527806282
    ],
    "grasp_part_obb": {
      "center": [
        -0.379264091473745,
        -0.06624384054524542,
        0.16989204252663248
      ],
      "extent": [
        0.43691810416695365,
        0.06310015104831519,
        0.020814293810956765
      ],
      "R": [
        [
          [
            2.220446049250313e-16,
            0.0,
            1.0
          ],
          [
            0.0,
            1.0,
            0.0
          ],
          [
            -1.0,
            0.0,
            2.220446049250313e-16
          ]
        ]
      ]
    },
    "grasp_part_abb": {
      "center": [
        -0.37939314544200897,
        -0.06561362743377686,
        -0.014827504754066467
      ],
      "extent": [
        0.06253829598426819,
        0.020690441131591797,
        0.4368610084056854
      ],
      "R": [
        [
          [
            2.220446049250313e-16,
            0.0,
            1.0
          ],
          [
            0.0,
            1.0,
            0.0
          ],
          [
            -1.0,
            0.0,
            2.220446049250313e-16
          ]
        ]
      ]
    },
    "all_links": [
      "link_0",
      "link_1",
      "link_2",
      "link_3",
      "link_4",
      "link_5",
      "link_6"
    ]
  },
  "46480": {
    "base_link": "link_2",
    "grasp_link": "link_3",
    "target_part": "link_0",
    "joint_type": "hinge",
    "target_joint": "link_2/joint_0",
    "grasp_part_mesh": "data/gapartnet/46480/grasp_part_mesh.stl",
    "gripper_width": 0,
    "height": 0.5693050155639648,
    "grasp_pos": [
      -0.4616580605506897,
      -0.038827743381261826,
      0.2927042245864868
    ],
    "grasp_part_obb": {
      "center": [
        -0.4592364239272495,
        -0.03956144555080813,
        0.3001611786767617
      ],
      "extent": [
        0.12985711781110057,
        0.02611217035843571,
        0.010249931790247996
      ],
      "R": [
        [
          [
            2.220446049250313e-16,
            0.0,
            1.0
          ],
          [
            0.0,
            1.0,
            0.0
          ],
          [
            -1.0,
            0.0,
            2.220446049250313e-16
          ]
        ]
      ]
    },
    "grasp_part_abb": {
      "center": [
        -0.45931974053382874,
        -0.038165509700775146,
        0.3001968413591385
      ],
      "extent": [
        0.02644747495651245,
        0.011402130126953125,
        0.12977096438407898
      ],
      "R": [
        [
          [
            2.220446049250313e-16,
            0.0,
            1.0
          ],
          [
            0.0,
            1.0,
            0.0
          ],
          [
            -1.0,
            0.0,
            2.220446049250313e-16
          ]
        ]
      ]
    },
    "all_links": [
      "link_0",
      "link_1",
      "link_2",
      "link_3",
      "link_4"
    ]
  },
  "45194": {
    "base_link": "link_4",
    "grasp_link": "link_5",
    "target_part": "link_0",
    "joint_type": "hinge",
    "target_joint": "link_4/joint_0",
    "grasp_part_mesh": "data/gapartnet/45194/grasp_part_mesh.stl",
    "gripper_width": 0,
    "height": 0.8236393033750355,
    "grasp_pos": [
      -0.45346570014953613,
      -0.054668352007865906,
      -0.005955033469945192
    ],
    "grasp_part_obb": {
      "center": [
        -0.4519315929011301,
        -0.0535358072867358,
        0.14272075143645638
      ],
      "extent": [
        0.4034076251833921,
        0.061544397329145115,
        0.019210736419611667
      ],
      "R": [
        [
          [
            2.220446049250313e-16,
            0.0,
            1.0
          ],
          [
            0.0,
            1.0,
            0.0
          ],
          [
            -1.0,
            0.0,
            2.220446049250313e-16
          ]
        ]
      ]
    },
    "grasp_part_abb": {
      "center": [
        -0.45244044065475464,
        -0.05383855104446411,
        -0.013003498315811157
      ],
      "extent": [
        0.05775487422943115,
        0.019594311714172363,
        0.4033610224723816
      ],
      "R": [
        [
          [
            2.220446049250313e-16,
            0.0,
            1.0
          ],
          [
            0.0,
            1.0,
            0.0
          ],
          [
            -1.0,
            0.0,
            2.220446049250313e-16
          ]
        ]
      ]
    },
    "all_links": [
      "link_0",
      "link_1",
      "link_2",
      "link_3",
      "link_4",
      "link_5",
      "link_6",
      "link_7",
      "link_8"
    ]
  },
  "31249": {
    "base_link": "link_2",
    "grasp_link": "link_5",
    "target_part": "link_0",
    "joint_type": "slider",
    "target_joint": "link_2/joint_0",
    "grasp_part_mesh": "data/gapartnet/31249/grasp_part_mesh.stl",
    "gripper_width": 0,
    "height": 0.7365920076370239,
    "grasp_pos": [
      -0.2546756863594055,
      -0.39922693371772766,
      0.34822145104408264
    ],
    "grasp_part_obb": {
      "center": [
        -0.252448934019823,
        -0.3992712580877848,
        0.34822847014466973
      ],
      "extent": [
        0.12603864154989028,
        0.030056390840595894,
        0.016417172026848927
      ],
      "R": [
        [
          2.220446049250313e-16,
          0.0,
          1.0
        ],
        [
          1.0,
          2.220446049250313e-16,
          -2.220446049250313e-16
        ],
        [
          -2.220446049250313e-16,
          1.0,
          0.0
        ]
      ]
    },
    "grasp_part_abb": {
      "center": [
        -0.25256744772195816,
        -0.39934615790843964,
        0.34852105379104614
      ],
      "extent": [
        0.030124887824058533,
        0.12598499655723572,
        0.015614926815032959
      ],
      "R": [
        [
          2.220446049250313e-16,
          0.0,
          1.0
        ],
        [
          1.0,
          2.220446049250313e-16,
          -2.220446049250313e-16
        ],
        [
          -2.220446049250313e-16,
          1.0,
          0.0
        ]
      ]
    },
    "all_links": [
      "link_0",
      "link_1",
      "link_2",
      "link_3",
      "link_4",
      "link_5",
      "link_6",
      "link_7",
      "link_8"
    ]
  },
  "46172": {
    "base_link": "link_0",
    "grasp_link": "link_12",
    "target_part": "link_1",
    "joint_type": "slider",
    "target_joint": "link_0/joint_1",
    "grasp_part_mesh": "data/gapartnet/46172/grasp_part_mesh.stl",
    "gripper_width": 0,
    "height": 0.8538280258178711,
    "grasp_pos": [
      -0.48620760440826416,
      -0.003705037524923682,
      0.6225496530532837
    ],
    "grasp_part_obb": {
      "center": [
        -0.4743898825836458,
        -0.01710260516181603,
        0.6213667609829724
      ],
      "extent": [
        0.7785125037078475,
        0.0508151872917567,
        0.01746545543836832
      ],
      "R": [
        [
          2.220446049250313e-16,
          0.0,
          1.0
        ],
        [
          1.0,
          2.220446049250313e-16,
          -2.220446049250313e-16
        ],
        [
          -2.220446049250313e-16,
          1.0,
          0.0
        ]
      ]
    },
    "grasp_part_abb": {
      "center": [
        -0.47426263988018036,
        -0.017096012830734253,
        0.6217281818389893
      ],
      "extent": [
        0.05081549286842346,
        0.7785120010375977,
        0.01707160472869873
      ],
      "R": [
        [
          2.220446049250313e-16,
          0.0,
          1.0
        ],
        [
          1.0,
          2.220446049250313e-16,
          -2.220446049250313e-16
        ],
        [
          -2.220446049250313e-16,
          1.0,
          0.0
        ]
      ]
    },
    "all_links": [
      "link_0",
      "link_1",
      "link_2",
      "link_3",
      "link_4",
      "link_5",
      "link_6",
      "link_7",
      "link_8",
      "link_9",
      "link_10",
      "link_11",
      "link_12",
      "link_13",
      "link_14",
      "link_15",
      "link_16",
      "link_17",
      "link_18",
      "link_19",
      "link_20",
      "link_21",
      "link_22"
    ]
  },
  "45801": {
    "base_link": "link_4",
    "grasp_link": "link_5",
    "target_part": "link_0",
    "joint_type": "slider",
    "target_joint": "link_4/joint_0",
    "grasp_part_mesh": "data/gapartnet/45801/grasp_part_mesh.stl",
    "gripper_width": 0,
    "height": 1.3108284244537352,
    "grasp_pos": [
      -0.40810567140579224,
      -0.029351452365517616,
      -0.373430073261261
    ],
    "grasp_part_obb": {
      "center": [
        -0.4180076896580029,
        -0.02687903449725643,
        0.1501774682195805
      ],
      "extent": [
        0.17793278876264135,
        0.04216150329190786,
        0.02097474628556162
      ],
      "R": [
        [
          2.220446049250313e-16,
          0.0,
          1.0
        ],
        [
          1.0,
          2.220446049250313e-16,
          -2.220446049250313e-16
        ],
        [
          -2.220446049250313e-16,
          1.0,
          0.0
        ]
      ]
    },
    "grasp_part_abb": {
      "center": [
        -0.4184596538543701,
        -0.027047671377658844,
        -0.37346240878105164
      ],
      "extent": [
        0.04116463661193848,
        0.17797784507274628,
        0.021277427673339844
      ],
      "R": [
        [
          2.220446049250313e-16,
          0.0,
          1.0
        ],
        [
          1.0,
          2.220446049250313e-16,
          -2.220446049250313e-16
        ],
        [
          -2.220446049250313e-16,
          1.0,
          0.0
        ]
      ]
    },
    "all_links": [
      "link_0",
      "link_1",
      "link_2",
      "link_3",
      "link_4",
      "link_5",
      "link_6",
      "link_7",
      "link_8"
    ]
  },
  "41003": {
    "base_link": "link_4",
    "grasp_link": "link_5",
    "target_part": "link_0",
    "joint_type": "hinge",
    "target_joint": "link_4/joint_0",
    "grasp_part_mesh": "data/gapartnet/41003/grasp_part_mesh.stl",
    "gripper_width": 0,
    "height": 1.1183166573047636,
    "grasp_pos": [
      -0.2647004723548889,
      -0.04687437787652016,
      -0.08884665369987488
    ],
    "grasp_part_obb": {
      "center": [
        -0.2584473176248813,
        -0.04668004501210327,
        0.1529838558226448
      ],
      "extent": [
        0.2963556401887036,
        0.027486624399055193,
        0.010122537376899853
      ],
      "R": [
        [
          [
            2.220446049250313e-16,
            0.0,
            1.0
          ],
          [
            0.0,
            1.0,
            0.0
          ],
          [
            -1.0,
            0.0,
            2.220446049250313e-16
          ]
        ]
      ]
    },
    "grasp_part_abb": {
      "center": [
        -0.25897935777902603,
        -0.046748265624046326,
        -0.08596226572990417
      ],
      "extent": [
        0.02523694932460785,
        0.009410172700881958,
        0.29628604650497437
      ],
      "R": [
        [
          [
            2.220446049250313e-16,
            0.0,
            1.0
          ],
          [
            0.0,
            1.0,
            0.0
          ],
          [
            -1.0,
            0.0,
            2.220446049250313e-16
          ]
        ]
      ]
    },
    "all_links": [
      "link_0",
      "link_1",
      "link_2",
      "link_3",
      "link_4",
      "link_5",
      "link_6",
      "link_7",
      "link_8"
    ]
  },
  "46462": {
    "base_link": "link_3",
    "grasp_link": "link_4",
    "target_part": "link_0",
    "joint_type": "slider",
    "target_joint": "link_3/joint_0",
    "grasp_part_mesh": "data/gapartnet/46462/grasp_part_mesh.stl",
    "gripper_width": 0,
    "height": 1.2883366713523863,
    "grasp_pos": [
      -0.40531426668167114,
      0.15615297853946686,
      -0.3318198323249817
    ],
    "grasp_part_obb": {
      "center": [
        -0.40465000601232176,
        0.1636552012768577,
        0.14691327326599213
      ],
      "extent": [
        0.20766464524147615,
        0.05971244056522142,
        0.027994119226778694
      ],
      "R": [
        [
          2.220446049250313e-16,
          0.0,
          1.0
        ],
        [
          1.0,
          2.220446049250313e-16,
          -2.220446049250313e-16
        ],
        [
          -2.220446049250313e-16,
          1.0,
          0.0
        ]
      ]
    },
    "grasp_part_abb": {
      "center": [
        -0.4063054025173187,
        0.1629067286849022,
        -0.3327537328004837
      ],
      "extent": [
        0.05423480272293091,
        0.20787282288074493,
        0.02815297245979309
      ],
      "R": [
        [
          2.220446049250313e-16,
          0.0,
          1.0
        ],
        [
          1.0,
          2.220446049250313e-16,
          -2.220446049250313e-16
        ],
        [
          -2.220446049250313e-16,
          1.0,
          0.0
        ]
      ]
    },
    "all_links": [
      "link_0",
      "link_1",
      "link_2",
      "link_3",
      "link_4",
      "link_5",
      "link_6",
      "link_7"
    ]
  },
  "10068": {
    "base_link": "link_0",
    "grasp_link": "link_3",
    "target_part": "link_1",
    "joint_type": "hinge",
    "target_joint": "link_0/joint_1",
    "grasp_part_mesh": "data/gapartnet/10068/grasp_part_mesh.stl",
    "gripper_width": 0,
    "height": 0.772344006061554,
    "grasp_pos": [
      -0.444302499294281,
      0.01029121782630682,
      0.33952727913856506
    ],
    "grasp_part_obb": {
      "center": [
        -0.44685141648391496,
        0.01043211756187297,
        0.33453177310759513
      ],
      "extent": [
        0.6033067844989932,
        0.06390236438056908,
        0.06277048107628905
      ],
      "R": [
        [
          [
            2.220446049250313e-16,
            0.0,
            1.0
          ],
          [
            0.0,
            1.0,
            0.0
          ],
          [
            -1.0,
            0.0,
            2.220446049250313e-16
          ]
        ]
      ]
    },
    "grasp_part_abb": {
      "center": [
        -0.44694049656391144,
        0.010438010096549988,
        0.3345150053501129
      ],
      "extent": [
        0.04628899693489075,
        0.046287983655929565,
        0.6031959652900696
      ],
      "R": [
        [
          [
            2.220446049250313e-16,
            0.0,
            1.0
          ],
          [
            0.0,
            1.0,
            0.0
          ],
          [
            -1.0,
            0.0,
            2.220446049250313e-16
          ]
        ]
      ]
    },
    "all_links": [
      "link_0",
      "link_1",
      "link_2",
      "link_3",
      "link_4"
    ]
  },
  "19179": {
    "base_link": "link_2",
    "grasp_link": "link_3",
    "target_part": "link_0",
    "joint_type": "slider",
    "target_joint": "link_2/joint_0",
    "grasp_part_mesh": "data/gapartnet/19179/grasp_part_mesh.stl",
    "gripper_width": 0,
    "height": 1.0446646580696104,
    "grasp_pos": [
      -0.6441639065742493,
      0.04567355662584305,
      -0.2654266357421875
    ],
    "grasp_part_obb": {
      "center": [
        -0.6396727044476992,
        0.034051807131809164,
        0.1481422659937252
      ],
      "extent": [
        0.3444283626508342,
        0.050084556078916806,
        0.050813294601503176
      ],
      "R": [
        [
          2.220446049250313e-16,
          0.0,
          1.0
        ],
        [
          1.0,
          2.220446049250313e-16,
          -2.220446049250313e-16
        ],
        [
          -2.220446049250313e-16,
          1.0,
          0.0
        ]
      ]
    },
    "grasp_part_abb": {
      "center": [
        -0.6354979872703552,
        0.03427129238843918,
        -0.26632899791002274
      ],
      "extent": [
        0.04329800605773926,
        0.34412457048892975,
        0.043297991156578064
      ],
      "R": [
        [
          2.220446049250313e-16,
          0.0,
          1.0
        ],
        [
          1.0,
          2.220446049250313e-16,
          -2.220446049250313e-16
        ],
        [
          -2.220446049250313e-16,
          1.0,
          0.0
        ]
      ]
    },
    "all_links": [
      "link_0",
      "link_1",
      "link_2",
      "link_3",
      "link_4"
    ]
  },
  "46466": {
    "base_link": "link_4",
    "grasp_link": "link_5",
    "target_part": "link_0",
    "joint_type": "slider",
    "target_joint": "link_4/joint_0",
    "grasp_part_mesh": "data/gapartnet/46466/grasp_part_mesh.stl",
    "gripper_width": 0,
    "height": 1.3487342963218687,
    "grasp_pos": [
      -0.44309696555137634,
      -0.007982620969414711,
      -0.38082993030548096
    ],
    "grasp_part_obb": {
      "center": [
        -0.4349643902544512,
        -0.007537296953702686,
        0.14897374945949715
      ],
      "extent": [
        0.18084864049012167,
        0.05465497204117295,
        0.029412664051533387
      ],
      "R": [
        [
          2.220446049250313e-16,
          0.0,
          1.0
        ],
        [
          1.0,
          2.220446049250313e-16,
          -2.220446049250313e-16
        ],
        [
          -2.220446049250313e-16,
          1.0,
          0.0
        ]
      ]
    },
    "grasp_part_abb": {
      "center": [
        -0.43172700703144073,
        -0.006389915943145752,
        -0.38199184834957123
      ],
      "extent": [
        0.05265799164772034,
        0.18055275082588196,
        0.0330025851726532
      ],
      "R": [
        [
          2.220446049250313e-16,
          0.0,
          1.0
        ],
        [
          1.0,
          2.220446049250313e-16,
          -2.220446049250313e-16
        ],
        [
          -2.220446049250313e-16,
          1.0,
          0.0
        ]
      ]
    },
    "all_links": [
      "link_0",
      "link_1",
      "link_2",
      "link_3",
      "link_4",
      "link_5",
      "link_6",
      "link_7",
      "link_8"
    ]
  },
  "20043": {
    "base_link": "link_0",
    "grasp_link": "link_3",
    "target_part": "link_1",
    "joint_type": "slider",
    "target_joint": "link_0/joint_1",
    "grasp_part_mesh": "data/gapartnet/20043/grasp_part_mesh.stl",
    "gripper_width": 0,
    "height": 0.8887798482775688,
    "grasp_pos": [
      -0.18199984729290009,
      -0.2637285888195038,
      0.06357712298631668
    ],
    "grasp_part_obb": {
      "center": [
        -0.18358094906388178,
        -0.26765999212458114,
        0.1495189865319791
      ],
      "extent": [
        0.0363718885611448,
        0.03166428156431593,
        0.03003782205337142
      ],
      "R": [
        [
          [
            2.220446049250313e-16,
            0.0,
            1.0
          ],
          [
            0.0,
            1.0,
            0.0
          ],
          [
            -1.0,
            0.0,
            2.220446049250313e-16
          ]
        ]
      ]
    },
    "grasp_part_abb": {
      "center": [
        -0.18167326599359512,
        -0.2623293623328209,
        0.06605464220046997
      ],
      "extent": [
        0.03278253972530365,
        0.031061604619026184,
        0.03559942543506622
      ],
      "R": [
        [
          [
            2.220446049250313e-16,
            0.0,
            1.0
          ],
          [
            0.0,
            1.0,
            0.0
          ],
          [
            -1.0,
            0.0,
            2.220446049250313e-16
          ]
        ]
      ]
    },
    "all_links": [
      "link_0",
      "link_1",
      "link_2",
      "link_3",
      "link_4"
    ]
  },
  "45503": {
    "base_link": "link_3",
    "grasp_link": "link_4",
    "target_part": "link_0",
    "joint_type": "hinge",
    "target_joint": "link_3/joint_0",
    "grasp_part_mesh": "data/gapartnet/45503/grasp_part_mesh.stl",
    "gripper_width": 0,
    "height": 1.2205495307445524,
    "grasp_pos": [
      -0.25850510597229004,
      0.03925704210996628,
      -0.22204354405403137
    ],
    "grasp_part_obb": {
      "center": [
        -0.2573387040254805,
        0.04187243023463083,
        0.1487633363850875
      ],
      "extent": [
        0.03858193372972967,
        0.03414471742129115,
        0.022543273683527407
      ],
      "R": [
        [
          2.220446049250313e-16,
          0.0,
          1.0
        ],
        [
          1.0,
          2.220446049250313e-16,
          -2.220446049250313e-16
        ],
        [
          -2.220446049250313e-16,
          1.0,
          0.0
        ]
      ]
    },
    "grasp_part_abb": {
      "center": [
        -0.25467635691165924,
        0.04143005609512329,
        -0.2225891351699829
      ],
      "extent": [
        0.02560397982597351,
        0.03665745258331299,
        0.02820873260498047
      ],
      "R": [
        [
          2.220446049250313e-16,
          0.0,
          1.0
        ],
        [
          1.0,
          2.220446049250313e-16,
          -2.220446049250313e-16
        ],
        [
          -2.220446049250313e-16,
          1.0,
          0.0
        ]
      ]
    },
    "all_links": [
      "link_0",
      "link_1",
      "link_2",
      "link_3",
      "link_4",
      "link_5",
      "link_6"
    ]
  },
  "10143": {
    "base_link": "link_1",
    "grasp_link": "link_3",
    "target_part": "link_0",
    "joint_type": "hinge",
    "target_joint": "link_1/joint_0",
    "grasp_part_mesh": "data/gapartnet/10143/grasp_part_mesh.stl",
    "gripper_width": 0,
    "height": 0.8067309985160828,
    "grasp_pos": [
      -0.43667635321617126,
      0.2627449035644531,
      0.2164197415113449
    ],
    "grasp_part_obb": {
      "center": [
        -0.4333851296571153,
        0.2644289451126438,
        0.21677149477308105
      ],
      "extent": [
        0.1148315264459534,
        0.038450025377228136,
        0.020982069272855557
      ],
      "R": [
        [
          2.220446049250313e-16,
          0.0,
          1.0
        ],
        [
          1.0,
          2.220446049250313e-16,
          -2.220446049250313e-16
        ],
        [
          -2.220446049250313e-16,
          1.0,
          0.0
        ]
      ]
    },
    "grasp_part_abb": {
      "center": [
        -0.42807213962078094,
        0.26035764813423157,
        0.21747450530529022
      ],
      "extent": [
        0.055286794900894165,
        0.10879892110824585,
        0.016676992177963257
      ],
      "R": [
        [
          2.220446049250313e-16,
          0.0,
          1.0
        ],
        [
          1.0,
          2.220446049250313e-16,
          -2.220446049250313e-16
        ],
        [
          -2.220446049250313e-16,
          1.0,
          0.0
        ]
      ]
    },
    "all_links": [
      "link_0",
      "link_1",
      "link_2",
      "link_3",
      "link_4"
    ]
  },
  "46123": {
    "base_link": "link_3",
    "grasp_link": "link_4",
    "target_part": "link_0",
    "joint_type": "slider",
    "target_joint": "link_3/joint_0",
    "grasp_part_mesh": "data/gapartnet/46123/grasp_part_mesh.stl",
    "gripper_width": 0,
    "height": 1.1003792802095411,
    "grasp_pos": [
      -0.47020721435546875,
      0.002702492754906416,
      -0.14006532728672028
    ],
    "grasp_part_obb": {
      "center": [
        -0.46796580541232274,
        0.011679791697113083,
        0.14975340736398432
      ],
      "extent": [
        0.6151315328339662,
        0.0849329930593623,
        0.026101623358984305
      ],
      "R": [
        [
          2.220446049250313e-16,
          0.0,
          1.0
        ],
        [
          1.0,
          2.220446049250313e-16,
          -2.220446049250313e-16
        ],
        [
          -2.220446049250313e-16,
          1.0,
          0.0
        ]
      ]
    },
    "grasp_part_abb": {
      "center": [
        -0.4688892066478729,
        0.011346593499183655,
        -0.140824094414711
      ],
      "extent": [
        0.07917553186416626,
        0.6151515543460846,
        0.026143819093704224
      ],
      "R": [
        [
          2.220446049250313e-16,
          0.0,
          1.0
        ],
        [
          1.0,
          2.220446049250313e-16,
          -2.220446049250313e-16
        ],
        [
          -2.220446049250313e-16,
          1.0,
          0.0
        ]
      ]
    },
    "all_links": [
      "link_0",
      "link_1",
      "link_2",
      "link_3",
      "link_4",
      "link_5",
      "link_6"
    ]
  },
  "34178": {
    "base_link": "link_4",
    "grasp_link": "link_5",
    "target_part": "link_0",
    "joint_type": "slider",
    "target_joint": "link_4/joint_0",
    "grasp_part_mesh": "data/gapartnet/34178/grasp_part_mesh.stl",
    "gripper_width": 0,
    "height": 0.7977069745063782,
    "grasp_pos": [
      -0.4220319390296936,
      -0.3578656315803528,
      0.2055596113204956
    ],
    "grasp_part_obb": {
      "center": [
        -0.41267001663129893,
        -0.35765181123092776,
        0.1989253373831592
      ],
      "extent": [
        0.12409356302565691,
        0.04617558025526446,
        0.013584377715292292
      ],
      "R": [
        [
          [
            2.220446049250313e-16,
            0.0,
            1.0
          ],
          [
            0.0,
            1.0,
            0.0
          ],
          [
            -1.0,
            0.0,
            2.220446049250313e-16
          ]
        ]
      ]
    },
    "grasp_part_abb": {
      "center": [
        -0.41447561979293823,
        -0.35833117365837097,
        0.19916629791259766
      ],
      "extent": [
        0.043914616107940674,
        0.012511372566223145,
        0.12433838844299316
      ],
      "R": [
        [
          [
            2.220446049250313e-16,
            0.0,
            1.0
          ],
          [
            0.0,
            1.0,
            0.0
          ],
          [
            -1.0,
            0.0,
            2.220446049250313e-16
          ]
        ]
      ]
    },
    "all_links": [
      "link_0",
      "link_1",
      "link_2",
      "link_3",
      "link_4",
      "link_5",
      "link_6",
      "link_7",
      "link_8"
    ]
  },
  "45243": {
    "base_link": "link_4",
    "grasp_link": "link_5",
    "target_part": "link_0",
    "joint_type": "slider",
    "target_joint": "link_4/joint_0",
    "grasp_part_mesh": "data/gapartnet/45243/grasp_part_mesh.stl",
    "gripper_width": 0,
    "height": 2.0297992060184478,
    "grasp_pos": [
      -0.4592908024787903,
      -0.006042042281478643,
      -0.4128367006778717
    ],
    "grasp_part_obb": {
      "center": [
        -0.4552848093287748,
        -0.009692484817947543,
        0.14884556895956097
      ],
      "extent": [
        0.3729612559830215,
        0.07638332148620766,
        0.022002190497632183
      ],
      "R": [
        [
          2.220446049250313e-16,
          0.0,
          1.0
        ],
        [
          1.0,
          2.220446049250313e-16,
          -2.220446049250313e-16
        ],
        [
          -2.220446049250313e-16,
          1.0,
          0.0
        ]
      ]
    },
    "grasp_part_abb": {
      "center": [
        -0.4569272994995117,
        -0.008648566901683807,
        -0.4130561053752899
      ],
      "extent": [
        0.06447458267211914,
        0.3741023391485214,
        0.021894216537475586
      ],
      "R": [
        [
          2.220446049250313e-16,
          0.0,
          1.0
        ],
        [
          1.0,
          2.220446049250313e-16,
          -2.220446049250313e-16
        ],
        [
          -2.220446049250313e-16,
          1.0,
          0.0
        ]
      ]
    },
    "all_links": [
      "link_0",
      "link_1",
      "link_2",
      "link_3",
      "link_4",
      "link_5",
      "link_6",
      "link_7",
      "link_8"
    ]
  },
  "45420": {
    "base_link": "link_2",
    "grasp_link": "link_3",
    "target_part": "link_0",
    "joint_type": "hinge",
    "target_joint": "link_2/joint_0",
    "grasp_part_mesh": "data/gapartnet/45420/grasp_part_mesh.stl",
    "gripper_width": 0,
    "height": 0.6646489629745483,
    "grasp_pos": [
      -0.5014496445655823,
      -0.08398840576410294,
      0.2947233021259308
    ],
    "grasp_part_obb": {
      "center": [
        -0.4989110293118524,
        -0.08445921773856019,
        0.3082189820651731
      ],
      "extent": [
        0.43046666003151385,
        0.06632841387976289,
        0.023063477757346032
      ],
      "R": [
        [
          [
            2.220446049250313e-16,
            0.0,
            1.0
          ],
          [
            0.0,
            1.0,
            0.0
          ],
          [
            -1.0,
            0.0,
            2.220446049250313e-16
          ]
        ]
      ]
    },
    "grasp_part_abb": {
      "center": [
        -0.5005009770393372,
        -0.08434435725212097,
        0.3080885112285614
      ],
      "extent": [
        0.061253905296325684,
        0.020686686038970947,
        0.42992502450942993
      ],
      "R": [
        [
          [
            2.220446049250313e-16,
            0.0,
            1.0
          ],
          [
            0.0,
            1.0,
            0.0
          ],
          [
            -1.0,
            0.0,
            2.220446049250313e-16
          ]
        ]
      ]
    },
    "all_links": [
      "link_0",
      "link_1",
      "link_2",
      "link_3",
      "link_4"
    ]
  },
  "41085": {
    "base_link": "link_4",
    "grasp_link": "link_5",
    "target_part": "link_0",
    "joint_type": "hinge",
    "target_joint": "link_4/joint_0",
    "grasp_part_mesh": "data/gapartnet/41085/grasp_part_mesh.stl",
    "gripper_width": 0,
    "height": 1.095642551243305,
    "grasp_pos": [
      -0.26617226004600525,
      -0.06573747098445892,
      -0.09775752574205399
    ],
    "grasp_part_obb": {
      "center": [
        -0.2590473936371655,
        -0.06629806498509232,
        0.15802901093315658
      ],
      "extent": [
        0.2974828571720552,
        0.026836780011037106,
        0.009355072432467975
      ],
      "R": [
        [
          [
            2.220446049250313e-16,
            0.0,
            1.0
          ],
          [
            0.0,
            1.0,
            0.0
          ],
          [
            -1.0,
            0.0,
            2.220446049250313e-16
          ]
        ]
      ]
    },
    "grasp_part_abb": {
      "center": [
        -0.259255014359951,
        -0.06567934155464172,
        -0.08974146842956543
      ],
      "extent": [
        0.02640022337436676,
        0.009521722793579102,
        0.2974865436553955
      ],
      "R": [
        [
          [
            2.220446049250313e-16,
            0.0,
            1.0
          ],
          [
            0.0,
            1.0,
            0.0
          ],
          [
            -1.0,
            0.0,
            2.220446049250313e-16
          ]
        ]
      ]
    },
    "all_links": [
      "link_0",
      "link_1",
      "link_2",
      "link_3",
      "link_4",
      "link_5",
      "link_6",
      "link_7",
      "link_8"
    ]
  },
  "45135": {
    "base_link": "link_3",
    "grasp_link": "link_4",
    "target_part": "link_0",
    "joint_type": "slider",
    "target_joint": "link_3/joint_0",
    "grasp_part_mesh": "data/gapartnet/45135/grasp_part_mesh.stl",
    "gripper_width": 0,
    "height": 0.8096040019989014,
    "grasp_pos": [
      -0.43911194801330566,
      -0.009335010312497616,
      0.34069114923477173
    ],
    "grasp_part_obb": {
      "center": [
        -0.42889468693351523,
        0.0014816741893923318,
        0.3394144169366147
      ],
      "extent": [
        0.7847755909399668,
        0.07843777306794514,
        0.024860934967903613
      ],
      "R": [
        [
          2.220446049250313e-16,
          0.0,
          1.0
        ],
        [
          1.0,
          2.220446049250313e-16,
          -2.220446049250313e-16
        ],
        [
          -2.220446049250313e-16,
          1.0,
          0.0
        ]
      ]
    },
    "grasp_part_abb": {
      "center": [
        -0.4295673370361328,
        0.0014794915914535522,
        0.3395063430070877
      ],
      "extent": [
        0.07224464416503906,
        0.7842210233211517,
        0.024597197771072388
      ],
      "R": [
        [
          2.220446049250313e-16,
          0.0,
          1.0
        ],
        [
          1.0,
          2.220446049250313e-16,
          -2.220446049250313e-16
        ],
        [
          -2.220446049250313e-16,
          1.0,
          0.0
        ]
      ]
    },
    "all_links": [
      "link_0",
      "link_1",
      "link_2",
      "link_3",
      "link_4",
      "link_5",
      "link_6"
    ]
  },
  "45662": {
    "base_link": "link_2",
    "grasp_link": "link_3",
    "target_part": "link_0",
    "joint_type": "hinge",
    "target_joint": "link_2/joint_0",
    "grasp_part_mesh": "data/gapartnet/45662/grasp_part_mesh.stl",
    "gripper_width": 0,
    "height": 0.6521014103889465,
    "grasp_pos": [
      -0.3791632056236267,
      -0.34170040488243103,
      0.33408045768737793
    ],
    "grasp_part_obb": {
      "center": [
        -0.3761642458661942,
        -0.34765436841219177,
        0.33506098770503084
      ],
      "extent": [
        0.5381703727989249,
        0.0518798811652874,
        0.01768286487133039
      ],
      "R": [
        [
          2.220446049250313e-16,
          0.0,
          1.0
        ],
        [
          1.0,
          2.220446049250313e-16,
          -2.220446049250313e-16
        ],
        [
          -2.220446049250313e-16,
          1.0,
          0.0
        ]
      ]
    },
    "grasp_part_abb": {
      "center": [
        -0.3763239234685898,
        -0.34762462973594666,
        0.33464689552783966
      ],
      "extent": [
        0.051754385232925415,
        0.538180410861969,
        0.017102807760238647
      ],
      "R": [
        [
          2.220446049250313e-16,
          0.0,
          1.0
        ],
        [
          1.0,
          2.220446049250313e-16,
          -2.220446049250313e-16
        ],
        [
          -2.220446049250313e-16,
          1.0,
          0.0
        ]
      ]
    },
    "all_links": [
      "link_0",
      "link_1",
      "link_2",
      "link_3",
      "link_4"
    ]
  },
  "102234": {
    "base_link": "link_2",
    "grasp_link": "link_3",
    "target_part": "link_0",
    "joint_type": "hinge",
    "target_joint": "link_2/joint_0",
    "grasp_part_mesh": "data/gapartnet/102234/grasp_part_mesh.stl",
    "gripper_width": 0,
    "height": 0.8290720114707947,
    "grasp_pos": [
      -0.5005472898483276,
      -0.004717610776424408,
      0.18877117335796356
    ],
    "grasp_part_obb": {
      "center": [
        -0.49748828979819176,
        0.0022429825150851734,
        0.18709174419200258
      ],
      "extent": [
        0.28907468188068747,
        0.0769490946061274,
        0.032968233620453966
      ],
      "R": [
        [
          2.220446049250313e-16,
          0.0,
          1.0
        ],
        [
          1.0,
          2.220446049250313e-16,
          -2.220446049250313e-16
        ],
        [
          -2.220446049250313e-16,
          1.0,
          0.0
        ]
      ]
    },
    "grasp_part_abb": {
      "center": [
        -0.4990614652633667,
        0.0033414214849472046,
        0.18918779492378235
      ],
      "extent": [
        0.07163095474243164,
        0.2892928421497345,
        0.030561625957489014
      ],
      "R": [
        [
          2.220446049250313e-16,
          0.0,
          1.0
        ],
        [
          1.0,
          2.220446049250313e-16,
          -2.220446049250313e-16
        ],
        [
          -2.220446049250313e-16,
          1.0,
          0.0
        ]
      ]
    },
    "all_links": [
      "link_0",
      "link_1",
      "link_2",
      "link_3",
      "link_4"
    ]
  },
  "45261": {
    "base_link": "link_5",
    "grasp_link": "link_6",
    "target_part": "link_0",
    "joint_type": "slider",
    "target_joint": "link_5/joint_0",
    "grasp_part_mesh": "data/gapartnet/45261/grasp_part_mesh.stl",
    "gripper_width": 0,
    "height": 0.5868079791069031,
    "grasp_pos": [
      -0.6236631870269775,
      -0.017982671037316322,
      0.4300173819065094
    ],
    "grasp_part_obb": {
      "center": [
        -0.6063857461736696,
        -0.012043453334615541,
        0.43107465401676154
      ],
      "extent": [
        1.0229179919545013,
        0.06375525734743685,
        0.023517143952183683
      ],
      "R": [
        [
          2.220446049250313e-16,
          0.0,
          1.0
        ],
        [
          1.0,
          2.220446049250313e-16,
          -2.220446049250313e-16
        ],
        [
          -2.220446049250313e-16,
          1.0,
          0.0
        ]
      ]
    },
    "grasp_part_abb": {
      "center": [
        -0.6067923307418823,
        -0.012111619114875793,
        0.430322527885437
      ],
      "extent": [
        0.06190454959869385,
        1.0229028165340424,
        0.023048222064971924
      ],
      "R": [
        [
          2.220446049250313e-16,
          0.0,
          1.0
        ],
        [
          1.0,
          2.220446049250313e-16,
          -2.220446049250313e-16
        ],
        [
          -2.220446049250313e-16,
          1.0,
          0.0
        ]
      ]
    },
    "all_links": [
      "link_0",
      "link_1",
      "link_2",
      "link_3",
      "link_4",
      "link_5",
      "link_6",
      "link_7",
      "link_8",
      "link_9",
      "link_10"
    ]
  },
  "40147": {
    "base_link": "link_2",
    "grasp_link": "link_3",
    "target_part": "link_0",
    "joint_type": "hinge",
    "target_joint": "link_2/joint_0",
    "grasp_part_mesh": "data/gapartnet/40147/grasp_part_mesh.stl",
    "gripper_width": 0,
    "height": 0.6078575024604798,
    "grasp_pos": [
      -0.43208926916122437,
      0.6189152002334595,
      0.1455424427986145
    ],
    "grasp_part_obb": {
      "center": [
        -0.42540231459277517,
        0.6212612396503857,
        0.14373221453308574
      ],
      "extent": [
        0.1510061184669781,
        0.055478228500869975,
        0.02936698744042126
      ],
      "R": [
        [
          [
            2.220446049250313e-16,
            0.0,
            1.0
          ],
          [
            0.0,
            1.0,
            0.0
          ],
          [
            -1.0,
            0.0,
            2.220446049250313e-16
          ]
        ]
      ]
    },
    "grasp_part_abb": {
      "center": [
        -0.43118298053741455,
        0.6187147498130798,
        0.1369453463703394
      ],
      "extent": [
        0.03955000638961792,
        0.027413010597229004,
        0.15309451147913933
      ],
      "R": [
        [
          [
            2.220446049250313e-16,
            0.0,
            1.0
          ],
          [
            0.0,
            1.0,
            0.0
          ],
          [
            -1.0,
            0.0,
            2.220446049250313e-16
          ]
        ]
      ]
    },
    "all_links": [
      "link_0",
      "link_1",
      "link_2",
      "link_3",
      "link_4"
    ]
  },
  "11178": {
    "base_link": "link_2",
    "grasp_link": "link_3",
    "target_part": "link_0",
    "joint_type": "hinge",
    "target_joint": "link_2/joint_0",
    "grasp_part_mesh": "data/gapartnet/11178/grasp_part_mesh.stl",
    "gripper_width": 0,
    "height": 0.9683625955823809,
    "grasp_pos": [
      -0.4746970236301422,
      0.0981132984161377,
      -0.0038435945753008127
    ],
    "grasp_part_obb": {
      "center": [
        -0.47148365626996286,
        0.09819916570192468,
        0.14623392159401308
      ],
      "extent": [
        0.28087016876466947,
        0.08720826484610225,
        0.05150087509486462
      ],
      "R": [
        [
          [
            2.220446049250313e-16,
            0.0,
            1.0
          ],
          [
            0.0,
            1.0,
            0.0
          ],
          [
            -1.0,
            0.0,
            2.220446049250313e-16
          ]
        ]
      ]
    },
    "grasp_part_abb": {
      "center": [
        -0.4704906791448593,
        0.09909851849079132,
        -0.007209300994873047
      ],
      "extent": [
        0.08469215035438538,
        0.04245498776435852,
        0.2806738615036011
      ],
      "R": [
        [
          [
            2.220446049250313e-16,
            0.0,
            1.0
          ],
          [
            0.0,
            1.0,
            0.0
          ],
          [
            -1.0,
            0.0,
            2.220446049250313e-16
          ]
        ]
      ]
    },
    "all_links": [
      "link_0",
      "link_1",
      "link_2",
      "link_3",
      "link_4"
    ]
  },
  "46440": {
    "base_link": "link_3",
    "grasp_link": "link_4",
    "target_part": "link_0",
    "joint_type": "slider",
    "target_joint": "link_3/joint_0",
    "grasp_part_mesh": "data/gapartnet/46440/grasp_part_mesh.stl",
    "gripper_width": 0,
    "height": 1.2310758898258207,
    "grasp_pos": [
      -0.5645598769187927,
      0.019041670486330986,
      -0.3203639090061188
    ],
    "grasp_part_obb": {
      "center": [
        -0.5575332040509781,
        0.007011673231898269,
        0.1485931667811179
      ],
      "extent": [
        0.6414192891815129,
        0.08064231285659268,
        0.023710938612454772
      ],
      "R": [
        [
          2.220446049250313e-16,
          0.0,
          1.0
        ],
        [
          1.0,
          2.220446049250313e-16,
          -2.220446049250313e-16
        ],
        [
          -2.220446049250313e-16,
          1.0,
          0.0
        ]
      ]
    },
    "grasp_part_abb": {
      "center": [
        -0.5612860918045044,
        0.007686987519264221,
        -0.32111598551273346
      ],
      "extent": [
        0.06871020793914795,
        0.6412380039691925,
        0.023647457361221313
      ],
      "R": [
        [
          2.220446049250313e-16,
          0.0,
          1.0
        ],
        [
          1.0,
          2.220446049250313e-16,
          -2.220446049250313e-16
        ],
        [
          -2.220446049250313e-16,
          1.0,
          0.0
        ]
      ]
    },
    "all_links": [
      "link_0",
      "link_1",
      "link_2",
      "link_3",
      "link_4",
      "link_5",
      "link_6"
    ]
  },
  "101917": {
    "base_link": "link_8",
    "grasp_link": "link_9",
    "target_part": "link_0",
    "joint_type": "hinge",
    "target_joint": "link_8/joint_0",
    "grasp_part_mesh": "data/gapartnet/101917/grasp_part_mesh.stl",
    "gripper_width": 0,
    "height": 0.7882629761695862,
    "grasp_pos": [
      -0.5213910937309265,
      -0.03817959874868393,
      0.23137512803077698
    ],
    "grasp_part_obb": {
      "center": [
        -0.49801840871022734,
        -0.0032001229226981433,
        0.23314504843536943
      ],
      "extent": [
        1.1726696697310015,
        0.11336456497131518,
        0.05461291037655561
      ],
      "R": [
        [
          2.220446049250313e-16,
          0.0,
          1.0
        ],
        [
          1.0,
          2.220446049250313e-16,
          -2.220446049250313e-16
        ],
        [
          -2.220446049250313e-16,
          1.0,
          0.0
        ]
      ]
    },
    "grasp_part_abb": {
      "center": [
        -0.49815474450588226,
        -0.0032216310501098633,
        0.2328738272190094
      ],
      "extent": [
        0.10877946019172668,
        1.1728523969650269,
        0.04753446578979492
      ],
      "R": [
        [
          2.220446049250313e-16,
          0.0,
          1.0
        ],
        [
          1.0,
          2.220446049250313e-16,
          -2.220446049250313e-16
        ],
        [
          -2.220446049250313e-16,
          1.0,
          0.0
        ]
      ]
    },
    "all_links": [
      "link_0",
      "link_1",
      "link_2",
      "link_3",
      "link_4",
      "link_5",
      "link_6",
      "link_7",
      "link_8",
      "link_9"
    ]
  },
  "10685": {
    "base_link": "link_0",
    "grasp_link": "link_3",
    "target_part": "link_1",
    "joint_type": "hinge",
    "target_joint": "link_0/joint_1",
    "grasp_part_mesh": "data/gapartnet/10685/grasp_part_mesh.stl",
    "gripper_width": 0,
    "height": 0.8216110000610352,
    "grasp_pos": [
      -0.21917477250099182,
      0.04881531745195389,
      0.21989445388317108
    ],
    "grasp_part_obb": {
      "center": [
        -0.2142123982861957,
        0.043506366255767745,
        0.2363067372545738
      ],
      "extent": [
        0.25579567123094027,
        0.043618096160494016,
        0.026100528336327644
      ],
      "R": [
        [
          [
            2.220446049250313e-16,
            0.0,
            1.0
          ],
          [
            0.0,
            1.0,
            0.0
          ],
          [
            -1.0,
            0.0,
            2.220446049250313e-16
          ]
        ]
      ]
    },
    "grasp_part_abb": {
      "center": [
        -0.21361449360847473,
        0.04263848066329956,
        0.23638732731342316
      ],
      "extent": [
        0.028539001941680908,
        0.03571498394012451,
        0.2558046877384186
      ],
      "R": [
        [
          [
            2.220446049250313e-16,
            0.0,
            1.0
          ],
          [
            0.0,
            1.0,
            0.0
          ],
          [
            -1.0,
            0.0,
            2.220446049250313e-16
          ]
        ]
      ]
    },
    "all_links": [
      "link_0",
      "link_1",
      "link_2",
      "link_3",
      "link_4"
    ]
  },
  "101773": {
    "base_link": "link_9",
    "grasp_link": "link_10",
    "target_part": "link_0",
    "joint_type": "hinge",
    "target_joint": "link_9/joint_0",
    "grasp_part_mesh": "data/gapartnet/101773/grasp_part_mesh.stl",
    "gripper_width": 0,
    "height": 0.6540510187149048,
    "grasp_pos": [
      -0.574161946773529,
      0.004674595780670643,
      0.34678739309310913
    ],
    "grasp_part_obb": {
      "center": [
        -0.5633095986375038,
        -0.009864080931454253,
        0.3463012074197305
      ],
      "extent": [
        1.1487594866597233,
        0.060417962597039465,
        0.07214031616145603
      ],
      "R": [
        [
          2.220446049250313e-16,
          0.0,
          1.0
        ],
        [
          1.0,
          2.220446049250313e-16,
          -2.220446049250313e-16
        ],
        [
          -2.220446049250313e-16,
          1.0,
          0.0
        ]
      ]
    },
    "grasp_part_abb": {
      "center": [
        -0.5614711046218872,
        -0.009864509105682373,
        0.3477464020252228
      ],
      "extent": [
        0.0758657455444336,
        1.148730993270874,
        0.05140715837478638
      ],
      "R": [
        [
          2.220446049250313e-16,
          0.0,
          1.0
        ],
        [
          1.0,
          2.220446049250313e-16,
          -2.220446049250313e-16
        ],
        [
          -2.220446049250313e-16,
          1.0,
          0.0
        ]
      ]
    },
    "all_links": [
      "link_0",
      "link_1",
      "link_2",
      "link_3",
      "link_4",
      "link_5",
      "link_6",
      "link_7",
      "link_8",
      "link_9",
      "link_10"
    ]
  },
  "22367": {
    "base_link": "link_8",
    "grasp_link": "link_9",
    "target_part": "link_0",
    "joint_type": "slider",
    "target_joint": "link_8/joint_0",
    "grasp_part_mesh": "data/gapartnet/22367/grasp_part_mesh.stl",
    "gripper_width": 0,
    "height": 0.847468985080719,
    "grasp_pos": [
      -0.3342190384864807,
      -0.22425179183483124,
      0.24863609671592712
    ],
    "grasp_part_obb": {
      "center": [
        -0.3301760910635346,
        -0.22777549400568592,
        0.2501477489593088
      ],
      "extent": [
        0.05375914777270717,
        0.043596693510766345,
        0.042682321085000245
      ],
      "R": [
        [
          [
            2.220446049250313e-16,
            0.0,
            1.0
          ],
          [
            0.0,
            1.0,
            0.0
          ],
          [
            -1.0,
            0.0,
            2.220446049250313e-16
          ]
        ]
      ]
    },
    "grasp_part_abb": {
      "center": [
        -0.3303792476654053,
        -0.2250683605670929,
        0.24669421464204788
      ],
      "extent": [
        0.05254650115966797,
        0.036491602659225464,
        0.04228876531124115
      ],
      "R": [
        [
          [
            2.220446049250313e-16,
            0.0,
            1.0
          ],
          [
            0.0,
            1.0,
            0.0
          ],
          [
            -1.0,
            0.0,
            2.220446049250313e-16
          ]
        ]
      ]
    },
    "all_links": [
      "link_0",
      "link_1",
      "link_2",
      "link_3",
      "link_4",
      "link_5",
      "link_6",
      "link_7",
      "link_8",
      "link_9",
      "link_10",
      "link_11",
      "link_12",
      "link_13",
      "link_14",
      "link_15",
      "link_16",
      "link_17"
    ]
  },
  "45677": {
    "base_link": "link_4",
    "grasp_link": "link_5",
    "target_part": "link_0",
    "joint_type": "slider",
    "target_joint": "link_4/joint_0",
    "grasp_part_mesh": "data/gapartnet/45677/grasp_part_mesh.stl",
    "gripper_width": 0,
    "height": 1.184371955156326,
    "grasp_pos": [
      -0.4169483780860901,
      0.0077486420050263405,
      -0.23741289973258972
    ],
    "grasp_part_obb": {
      "center": [
        -0.41093681545783917,
        0.009340776014017543,
        0.1505465093679225
      ],
      "extent": [
        0.6364400321671424,
        0.0700147945952459,
        0.023322433161768054
      ],
      "R": [
        [
          2.220446049250313e-16,
          0.0,
          1.0
        ],
        [
          1.0,
          2.220446049250313e-16,
          -2.220446049250313e-16
        ],
        [
          -2.220446049250313e-16,
          1.0,
          0.0
        ]
      ]
    },
    "grasp_part_abb": {
      "center": [
        -0.4111679047346115,
        0.009321019053459167,
        -0.23666027188301086
      ],
      "extent": [
        0.0682918131351471,
        0.6362920105457306,
        0.022716373205184937
      ],
      "R": [
        [
          2.220446049250313e-16,
          0.0,
          1.0
        ],
        [
          1.0,
          2.220446049250313e-16,
          -2.220446049250313e-16
        ],
        [
          -2.220446049250313e-16,
          1.0,
          0.0
        ]
      ]
    },
    "all_links": [
      "link_0",
      "link_1",
      "link_2",
      "link_3",
      "link_4",
      "link_5",
      "link_6",
      "link_7",
      "link_8"
    ]
  },
  "34610": {
    "base_link": "link_5",
    "grasp_link": "link_6",
    "target_part": "link_0",
    "joint_type": "slider",
    "target_joint": "link_5/joint_0",
    "grasp_part_mesh": "data/gapartnet/34610/grasp_part_mesh.stl",
    "gripper_width": 0,
    "height": 1.0573266068696974,
    "grasp_pos": [
      -0.34028446674346924,
      -0.23223432898521423,
      -0.0791856199502945
    ],
    "grasp_part_obb": {
      "center": [
        -0.33874791730926845,
        -0.2341906709110123,
        0.14889331202611072
      ],
      "extent": [
        0.03369730072542776,
        0.029892396437273837,
        0.031821792660890316
      ],
      "R": [
        [
          2.220446049250313e-16,
          0.0,
          1.0
        ],
        [
          1.0,
          2.220446049250313e-16,
          -2.220446049250313e-16
        ],
        [
          -2.220446049250313e-16,
          1.0,
          0.0
        ]
      ]
    },
    "grasp_part_abb": {
      "center": [
        -0.3331821411848068,
        -0.2349681705236435,
        -0.08079042658209801
      ],
      "extent": [
        0.0303896963596344,
        0.034079164266586304,
        0.027145572006702423
      ],
      "R": [
        [
          2.220446049250313e-16,
          0.0,
          1.0
        ],
        [
          1.0,
          2.220446049250313e-16,
          -2.220446049250313e-16
        ],
        [
          -2.220446049250313e-16,
          1.0,
          0.0
        ]
      ]
    },
    "all_links": [
      "link_0",
      "link_1",
      "link_2",
      "link_3",
      "link_4",
      "link_5",
      "link_6",
      "link_7",
      "link_8",
      "link_9",
      "link_10"
    ]
  },
  "45710": {
    "base_link": "link_4",
    "grasp_link": "link_5",
    "target_part": "link_0",
    "joint_type": "slider",
    "target_joint": "link_4/joint_0",
    "grasp_part_mesh": "data/gapartnet/45710/grasp_part_mesh.stl",
    "gripper_width": 0,
    "height": 0.8160038719177246,
    "grasp_pos": [
      -0.5735551118850708,
      -0.009644558653235435,
      0.3359602987766266
    ],
    "grasp_part_obb": {
      "center": [
        -0.5766445006061139,
        -0.008430999116615708,
        0.3348968951292978
      ],
      "extent": [
        0.37227257117426826,
        0.061053941488137406,
        0.027082281315336007
      ],
      "R": [
        [
          2.220446049250313e-16,
          0.0,
          1.0
        ],
        [
          1.0,
          2.220446049250313e-16,
          -2.220446049250313e-16
        ],
        [
          -2.220446049250313e-16,
          1.0,
          0.0
        ]
      ]
    },
    "grasp_part_abb": {
      "center": [
        -0.5758686065673828,
        -0.00825154036283493,
        0.33515752851963043
      ],
      "extent": [
        0.06165516376495361,
        0.37223123013973236,
        0.025616079568862915
      ],
      "R": [
        [
          2.220446049250313e-16,
          0.0,
          1.0
        ],
        [
          1.0,
          2.220446049250313e-16,
          -2.220446049250313e-16
        ],
        [
          -2.220446049250313e-16,
          1.0,
          0.0
        ]
      ]
    },
    "all_links": [
      "link_0",
      "link_1",
      "link_2",
      "link_3",
      "link_4",
      "link_5",
      "link_6",
      "link_7",
      "link_8"
    ]
  },
  "41510": {
    "base_link": "link_2",
    "grasp_link": "link_3",
    "target_part": "link_0",
    "joint_type": "hinge",
    "target_joint": "link_2/joint_0",
    "grasp_part_mesh": "data/gapartnet/41510/grasp_part_mesh.stl",
    "gripper_width": 0,
    "height": 0.784132016658783,
    "grasp_pos": [
      -0.570154070854187,
      -0.31191936135292053,
      0.29120200872421265
    ],
    "grasp_part_obb": {
      "center": [
        -0.5643986857774246,
        -0.31205068563522226,
        0.2926176075430477
      ],
      "extent": [
        0.05907222264146679,
        0.0530789158668995,
        0.04651658153166603
      ],
      "R": [
        [
          [
            2.220446049250313e-16,
            0.0,
            1.0
          ],
          [
            0.0,
            1.0,
            0.0
          ],
          [
            -1.0,
            0.0,
            2.220446049250313e-16
          ]
        ]
      ]
    },
    "grasp_part_abb": {
      "center": [
        -0.5646706223487854,
        -0.3108588755130768,
        0.29019731283187866
      ],
      "extent": [
        0.051763296127319336,
        0.0464097261428833,
        0.05181288719177246
      ],
      "R": [
        [
          [
            2.220446049250313e-16,
            0.0,
            1.0
          ],
          [
            0.0,
            1.0,
            0.0
          ],
          [
            -1.0,
            0.0,
            2.220446049250313e-16
          ]
        ]
      ]
    },
    "all_links": [
      "link_0",
      "link_1",
      "link_2",
      "link_3",
      "link_4"
    ]
  },
  "10751": {
    "base_link": "link_0",
    "grasp_link": "link_3",
    "target_part": "link_1",
    "joint_type": "hinge",
    "target_joint": "link_0/joint_1",
    "grasp_part_mesh": "data/gapartnet/10751/grasp_part_mesh.stl",
    "gripper_width": 0,
    "height": 0.8798880109786987,
    "grasp_pos": [
      -0.3137040138244629,
      0.31656160950660706,
      0.625150740146637
    ],
    "grasp_part_obb": {
      "center": [
        -0.31255376200903207,
        0.3213831604630266,
        0.6573576779144498
      ],
      "extent": [
        0.16344547403251802,
        0.041338098507658225,
        0.023970514681562652
      ],
      "R": [
        [
          [
            2.220446049250313e-16,
            0.0,
            1.0
          ],
          [
            0.0,
            1.0,
            0.0
          ],
          [
            -1.0,
            0.0,
            2.220446049250313e-16
          ]
        ]
      ]
    },
    "grasp_part_abb": {
      "center": [
        -0.31063777208328247,
        0.3208720088005066,
        0.6577479839324951
      ],
      "extent": [
        0.04088449478149414,
        0.02131599187850952,
        0.16018998622894287
      ],
      "R": [
        [
          [
            2.220446049250313e-16,
            0.0,
            1.0
          ],
          [
            0.0,
            1.0,
            0.0
          ],
          [
            -1.0,
            0.0,
            2.220446049250313e-16
          ]
        ]
      ]
    },
    "all_links": [
      "link_0",
      "link_1",
      "link_2",
      "link_3",
      "link_4"
    ]
  },
  "44853": {
    "base_link": "link_3",
    "grasp_link": "link_4",
    "target_part": "link_0",
    "joint_type": "slider",
    "target_joint": "link_3/joint_0",
    "grasp_part_mesh": "data/gapartnet/44853/grasp_part_mesh.stl",
    "gripper_width": 0,
    "height": 0.7824539074897766,
    "grasp_pos": [
      -0.5813829898834229,
      0.004004156682640314,
      0.574321448802948
    ],
    "grasp_part_obb": {
      "center": [
        -0.589879718247035,
        0.00402174909421936,
        0.5743796817678484
      ],
      "extent": [
        0.18430462866295388,
        0.050777325878090945,
        0.030304504326072068
      ],
      "R": [
        [
          2.220446049250313e-16,
          0.0,
          1.0
        ],
        [
          1.0,
          2.220446049250313e-16,
          -2.220446049250313e-16
        ],
        [
          -2.220446049250313e-16,
          1.0,
          0.0
        ]
      ]
    },
    "grasp_part_abb": {
      "center": [
        -0.5905803143978119,
        0.003825552761554718,
        0.5736408233642578
      ],
      "extent": [
        0.04879862070083618,
        0.18428727984428406,
        0.025119543075561523
      ],
      "R": [
        [
          2.220446049250313e-16,
          0.0,
          1.0
        ],
        [
          1.0,
          2.220446049250313e-16,
          -2.220446049250313e-16
        ],
        [
          -2.220446049250313e-16,
          1.0,
          0.0
        ]
      ]
    },
    "all_links": [
      "link_0",
      "link_1",
      "link_2",
      "link_3",
      "link_4",
      "link_5",
      "link_6"
    ]
  },
  "45189": {
    "base_link": "link_4",
    "grasp_link": "link_5",
    "target_part": "link_0",
    "joint_type": "hinge",
    "target_joint": "link_4/joint_0",
    "grasp_part_mesh": "data/gapartnet/45189/grasp_part_mesh.stl",
    "gripper_width": 0,
    "height": 1.1684347609281538,
    "grasp_pos": [
      -0.24415120482444763,
      -0.053000036627054214,
      -0.15503476560115814
    ],
    "grasp_part_obb": {
      "center": [
        -0.2389820910763088,
        -0.05247036746041072,
        0.15423585630314873
      ],
      "extent": [
        0.27945677569143934,
        0.02552658142505594,
        0.008581525100326415
      ],
      "R": [
        [
          [
            2.220446049250313e-16,
            0.0,
            1.0
          ],
          [
            0.0,
            1.0,
            0.0
          ],
          [
            -1.0,
            0.0,
            2.220446049250313e-16
          ]
        ]
      ]
    },
    "grasp_part_abb": {
      "center": [
        -0.23902133107185364,
        -0.052627891302108765,
        -0.1507824957370758
      ],
      "extent": [
        0.02516108751296997,
        0.00889819860458374,
        0.2794650197029114
      ],
      "R": [
        [
          [
            2.220446049250313e-16,
            0.0,
            1.0
          ],
          [
            0.0,
            1.0,
            0.0
          ],
          [
            -1.0,
            0.0,
            2.220446049250313e-16
          ]
        ]
      ]
    },
    "all_links": [
      "link_0",
      "link_1",
      "link_2",
      "link_3",
      "link_4",
      "link_5",
      "link_6",
      "link_7",
      "link_8"
    ]
  },
  "45168": {
    "base_link": "link_2",
    "grasp_link": "link_3",
    "target_part": "link_0",
    "joint_type": "slider",
    "target_joint": "link_2/joint_0",
    "grasp_part_mesh": "data/gapartnet/45168/grasp_part_mesh.stl",
    "gripper_width": 0,
    "height": 0.7887581715583801,
    "grasp_pos": [
      -0.5196939706802368,
      -0.022273367270827293,
      0.5149152278900146
    ],
    "grasp_part_obb": {
      "center": [
        -0.5171376699980862,
        -0.007825808274346525,
        0.5143637585430918
      ],
      "extent": [
        0.18821475359476164,
        0.046638365677027824,
        0.03367385436087375
      ],
      "R": [
        [
          2.220446049250313e-16,
          0.0,
          1.0
        ],
        [
          1.0,
          2.220446049250313e-16,
          -2.220446049250313e-16
        ],
        [
          -2.220446049250313e-16,
          1.0,
          0.0
        ]
      ]
    },
    "grasp_part_abb": {
      "center": [
        -0.516416996717453,
        -0.008053228259086609,
        0.5146505236625671
      ],
      "extent": [
        0.048731982707977295,
        0.1888301521539688,
        0.0328214168548584
      ],
      "R": [
        [
          2.220446049250313e-16,
          0.0,
          1.0
        ],
        [
          1.0,
          2.220446049250313e-16,
          -2.220446049250313e-16
        ],
        [
          -2.220446049250313e-16,
          1.0,
          0.0
        ]
      ]
    },
    "all_links": [
      "link_0",
      "link_1",
      "link_2",
      "link_3",
      "link_4"
    ]
  },
  "45290": {
    "base_link": "link_3",
    "grasp_link": "link_4",
    "target_part": "link_0",
    "joint_type": "slider",
    "target_joint": "link_3/joint_0",
    "grasp_part_mesh": "data/gapartnet/45290/grasp_part_mesh.stl",
    "gripper_width": 0,
    "height": 1.3088561961650846,
    "grasp_pos": [
      -0.5516860485076904,
      0.014267271384596825,
      -0.35685667395591736
    ],
    "grasp_part_obb": {
      "center": [
        -0.5503180531775878,
        0.011337703793964713,
        0.14928295204789627
      ],
      "extent": [
        0.3417414170312598,
        0.06255165251995136,
        0.019155601096352823
      ],
      "R": [
        [
          2.220446049250313e-16,
          0.0,
          1.0
        ],
        [
          1.0,
          2.220446049250313e-16,
          -2.220446049250313e-16
        ],
        [
          -2.220446049250313e-16,
          1.0,
          0.0
        ]
      ]
    },
    "grasp_part_abb": {
      "center": [
        -0.5501270294189453,
        0.011000342667102814,
        -0.3571823835372925
      ],
      "extent": [
        0.05892610549926758,
        0.3417750746011734,
        0.019016265869140625
      ],
      "R": [
        [
          2.220446049250313e-16,
          0.0,
          1.0
        ],
        [
          1.0,
          2.220446049250313e-16,
          -2.220446049250313e-16
        ],
        [
          -2.220446049250313e-16,
          1.0,
          0.0
        ]
      ]
    },
    "all_links": [
      "link_0",
      "link_1",
      "link_2",
      "link_3",
      "link_4",
      "link_5",
      "link_6"
    ]
  }
}