[{"id":0,"parent":4,"joint":"slider","name":"drawer","parts":[{"id":37,"name":"drawer_front","children":[]},{"id":38,"name":"drawer_side","children":[]},{"id":39,"name":"drawer_side","children":[]},{"id":40,"name":"drawer_back","children":[]},{"id":41,"name":"drawer_bottom","children":[]},{"id":43,"name":"other_leaf","children":[]},{"id":36,"name":"handle","children":[]}],"jointData":{"axis":{"origin":[0,0,0],"direction":[0,0,1]},"limit":{"a":0,"b":0.55,"noLimit":false}}},{"id":1,"parent":4,"joint":"slider","name":"drawer","parts":[{"id":28,"name":"drawer_front","children":[]},{"id":29,"name":"drawer_side","children":[]},{"id":30,"name":"drawer_side","children":[]},{"id":31,"name":"drawer_back","children":[]},{"id":32,"name":"drawer_bottom","children":[]},{"id":34,"name":"other_leaf","children":[]},{"id":27,"name":"handle","children":[]}],"jointData":{"axis":{"origin":[0,0,0],"direction":[0,0,1]},"limit":{"a":0,"b":0.55,"noLimit":false}}},{"id":2,"parent":4,"joint":"slider","name":"drawer","parts":[{"id":19,"name":"drawer_front","children":[]},{"id":20,"name":"drawer_side","children":[]},{"id":21,"name":"drawer_side","children":[]},{"id":22,"name":"drawer_back","children":[]},{"id":23,"name":"drawer_bottom","children":[]},{"id":25,"name":"other_leaf","children":[]},{"id":18,"name":"handle","children":[]}],"jointData":{"axis":{"origin":[0,0,0],"direction":[0,0,1]},"limit":{"a":0,"b":0.55,"noLimit":false}}},{"id":3,"parent":4,"joint":"slider","name":"drawer","parts":[{"id":10,"name":"drawer_front","children":[]},{"id":11,"name":"drawer_side","children":[]},{"id":12,"name":"drawer_side","children":[]},{"id":13,"name":"drawer_back","children":[]},{"id":14,"name":"drawer_bottom","children":[]},{"id":16,"name":"other_leaf","children":[]},{"id":9,"name":"handle","children":[]}],"jointData":{"axis":{"origin":[0,0,0],"direction":[0,0,1]},"limit":{"a":0,"b":0.55,"noLimit":false}}},{"id":4,"parent":-1,"joint":"heavy","name":"cabinet_frame","parts":[{"id":54,"name":"frame_vertical_bar","children":[]},{"id":55,"name":"frame_vertical_bar","children":[]},{"id":56,"name":"frame_horizontal_bar","children":[]},{"id":57,"name":"frame_horizontal_bar","children":[]},{"id":58,"name":"frame_horizontal_bar","children":[]},{"id":59,"name":"frame_horizontal_bar","children":[]},{"id":60,"name":"frame_horizontal_bar","children":[]},{"id":61,"name":"frame_horizontal_bar","children":[]},{"id":62,"name":"vertical_side_panel","children":[]},{"id":63,"name":"vertical_side_panel","children":[]},{"id":64,"name":"back_panel","children":[]},{"id":65,"name":"bottom_panel","children":[]},{"id":66,"name":"frame_horizontal_bar","children":[]},{"id":67,"name":"frame_horizontal_bar","children":[]},{"id":69,"name":"other_leaf","children":[]},{"id":45,"name":"base_side_panel","children":[]},{"id":46,"name":"base_side_panel","children":[]},{"id":47,"name":"base_side_panel","children":[]},{"id":48,"name":"base_side_panel","children":[]}],"jointData":{}}]