[{"id":0,"parent":2,"joint":"hinge","name":"cabinet_door","parts":[{"id":14,"name":"cabinet_door_surface","children":[]},{"id":15,"name":"handle","children":[]}],"jointData":{"axis":{"origin":[0.6127547410470113,0.6695690155029298,0.42016347144336125],"direction":[0,1,0]},"limit":{"a":0,"b":90,"noLimit":false}}},{"id":1,"parent":2,"joint":"hinge","name":"cabinet_door","parts":[{"id":12,"name":"cabinet_door_surface","children":[]},{"id":13,"name":"handle","children":[]}],"jointData":{"axis":{"origin":[-0.6524806934976041,0.6695690155029297,0.4214424965032725],"direction":[0,1,0]},"limit":{"a":0,"b":-90,"noLimit":false}}},{"id":2,"parent":-1,"joint":"heavy","name":"drawer_front","parts":[{"id":11,"name":"drawer_front","children":[]},{"id":9,"name":"drawer_front","children":[]},{"id":21,"name":"vertical_side_panel","children":[]},{"id":22,"name":"vertical_side_panel","children":[]},{"id":23,"name":"back_panel","children":[]},{"id":24,"name":"bottom_panel","children":[]},{"id":25,"name":"frame_vertical_bar","children":[]},{"id":26,"name":"frame_vertical_bar","children":[]},{"id":27,"name":"frame_horizontal_bar","children":[]},{"id":28,"name":"frame_horizontal_bar","children":[]},{"id":29,"name":"frame_horizontal_bar","children":[]},{"id":37,"name":"other_leaf","children":[]},{"id":36,"name":"other_leaf","children":[]},{"id":35,"name":"other_leaf","children":[]},{"id":34,"name":"other_leaf","children":[]},{"id":38,"name":"frame_vertical_bar","children":[]},{"id":39,"name":"frame_horizontal_bar","children":[]},{"id":41,"name":"other_leaf","children":[]},{"id":17,"name":"base_side_panel","children":[]},{"id":18,"name":"base_side_panel","children":[]},{"id":19,"name":"base_side_panel","children":[]},{"id":20,"name":"base_side_panel","children":[]}],"jointData":{}}]