[{"id":0,"parent":5,"joint":"slider","name":"handle","parts":[{"id":9,"name":"handle","children":[]},{"id":10,"name":"drawer_front","children":[]},{"id":11,"name":"drawer_side","children":[]},{"id":12,"name":"drawer_side","children":[]},{"id":13,"name":"drawer_back","children":[]},{"id":21,"name":"drawer_bottom","children":[]}],"jointData":{"axis":{"origin":[0,0,0],"direction":[0,0,1]},"limit":{"a":0,"b":0.87,"noLimit":false}}},{"id":1,"parent":5,"joint":"slider","name":"handle","parts":[{"id":25,"name":"handle","children":[]},{"id":28,"name":"drawer_front","children":[]},{"id":29,"name":"drawer_side","children":[]},{"id":30,"name":"drawer_side","children":[]},{"id":31,"name":"drawer_back","children":[]},{"id":32,"name":"drawer_bottom","children":[]}],"jointData":{"axis":{"origin":[0,0,0],"direction":[0,0,1]},"limit":{"a":0,"b":0.87,"noLimit":false}}},{"id":2,"parent":5,"joint":"slider","name":"handle","parts":[{"id":34,"name":"handle","children":[]},{"id":37,"name":"drawer_front","children":[]},{"id":38,"name":"drawer_side","children":[]},{"id":39,"name":"drawer_side","children":[]},{"id":40,"name":"drawer_back","children":[]},{"id":41,"name":"drawer_bottom","children":[]}],"jointData":{"axis":{"origin":[0,0,0],"direction":[0,0,1]},"limit":{"a":0,"b":0.87,"noLimit":false}}},{"id":3,"parent":5,"joint":"slider","name":"handle","parts":[{"id":43,"name":"handle","children":[]},{"id":46,"name":"drawer_front","children":[]},{"id":47,"name":"drawer_side","children":[]},{"id":48,"name":"drawer_side","children":[]},{"id":49,"name":"drawer_back","children":[]},{"id":50,"name":"drawer_bottom","children":[]}],"jointData":{"axis":{"origin":[0,0,0],"direction":[0,0,1]},"limit":{"a":0,"b":0.87,"noLimit":false}}},{"id":4,"parent":5,"joint":"slider","name":"handle","parts":[{"id":52,"name":"handle","children":[]},{"id":55,"name":"drawer_front","children":[]},{"id":56,"name":"drawer_side","children":[]},{"id":57,"name":"drawer_side","children":[]},{"id":58,"name":"drawer_back","children":[]},{"id":59,"name":"drawer_bottom","children":[]}],"jointData":{"axis":{"origin":[0,0,0],"direction":[0,0,1]},"limit":{"a":0,"b":0.87,"noLimit":false}}},{"id":5,"parent":-1,"joint":"heavy","name":"cabinet_frame","parts":[{"id":16,"name":"vertical_side_panel","children":[]},{"id":17,"name":"vertical_side_panel","children":[]},{"id":18,"name":"back_panel","children":[]},{"id":19,"name":"bottom_panel","children":[]},{"id":20,"name":"top_panel","children":[]},{"id":60,"name":"frame_vertical_bar","children":[]},{"id":61,"name":"frame_vertical_bar","children":[]},{"id":62,"name":"frame_horizontal_bar","children":[]},{"id":63,"name":"frame_horizontal_bar","children":[]},{"id":53,"name":"drawer_rails","children":[]},{"id":54,"name":"drawer_rails","children":[]},{"id":44,"name":"drawer_rails","children":[]},{"id":45,"name":"drawer_rails","children":[]},{"id":35,"name":"drawer_rails","children":[]},{"id":36,"name":"drawer_rails","children":[]},{"id":26,"name":"drawer_rails","children":[]},{"id":27,"name":"drawer_rails","children":[]},{"id":22,"name":"drawer_rails","children":[]},{"id":23,"name":"drawer_rails","children":[]}],"jointData":{}}]