[{"id":0,"parent":6,"joint":"slider","name":"drawer","parts":[{"id":22,"name":"drawer_side","children":[]},{"id":23,"name":"drawer_side","children":[]},{"id":24,"name":"drawer_back","children":[]},{"id":25,"name":"drawer_bottom","children":[]},{"id":26,"name":"drawer_front","children":[]},{"id":20,"name":"handle","children":[]},{"id":69,"name":"other_leaf","children":[]}],"jointData":{"axis":{"origin":[0.6006671652710841,0.3467362533627538,0.25954899191856384],"direction":[0,0,1]},"limit":{"a":0,"b":0.33599999999999985,"noLimit":false}}},{"id":1,"parent":6,"joint":"slider","name":"drawer","parts":[{"id":12,"name":"drawer_front","children":[]},{"id":13,"name":"drawer_side","children":[]},{"id":14,"name":"drawer_side","children":[]},{"id":15,"name":"drawer_back","children":[]},{"id":16,"name":"drawer_bottom","children":[]},{"id":11,"name":"handle","children":[]},{"id":18,"name":"other_leaf","children":[]}],"jointData":{"axis":{"origin":[-0.5942383689449297,0.35007119497034633,-0.23658399283885956],"direction":[0,0,1]},"limit":{"a":0,"b":0.33599999999999985,"noLimit":false}}},{"id":2,"parent":6,"joint":"hinge","name":"cabinet_door","parts":[{"id":44,"name":"cabinet_door_surface","children":[]},{"id":45,"name":"handle","children":[]}],"jointData":{"axis":{"origin":[-0.8383239887822403,-0.3862459957599639,0.25502622012434306],"direction":[0,-1,0]},"limit":{"a":0,"b":102.96,"noLimit":false}}},{"id":3,"parent":6,"joint":"hinge","name":"cabinet_door","parts":[{"id":42,"name":"cabinet_door_surface","children":[]},{"id":43,"name":"handle","children":[]}],"jointData":{"axis":{"origin":[0.8461857530370025,0.2521730065345764,0.25547107511628014],"direction":[0,1,0]},"limit":{"a":0,"b":101.88,"noLimit":false}}},{"id":4,"parent":6,"joint":"hinge","name":"cabinet_door","parts":[{"id":40,"name":"cabinet_door_surface","children":[]},{"id":41,"name":"handle","children":[]}],"jointData":{"axis":{"origin":[0.3342512778944623,0.2521730065345765,0.2542510958239247],"direction":[0,1,0]},"limit":{"a":0,"b":91.8,"noLimit":false}}},{"id":5,"parent":6,"joint":"hinge","name":"cabinet_door","parts":[{"id":38,"name":"cabinet_door_surface","children":[]},{"id":39,"name":"handle","children":[]}],"jointData":{"axis":{"origin":[-0.3240121786379081,-0.386245995759964,0.2554327047150163],"direction":[0,-1,0]},"limit":{"a":0,"b":90.72,"noLimit":false}}},{"id":6,"parent":-1,"joint":"heavy","name":"drawer_front","parts":[{"id":37,"name":"drawer_front","children":[]},{"id":51,"name":"vertical_side_panel","children":[]},{"id":52,"name":"vertical_side_panel","children":[]},{"id":53,"name":"back_panel","children":[]},{"id":54,"name":"bottom_panel","children":[]},{"id":55,"name":"frame_vertical_bar","children":[]},{"id":56,"name":"frame_vertical_bar","children":[]},{"id":57,"name":"frame_vertical_bar","children":[]},{"id":58,"name":"frame_vertical_bar","children":[]},{"id":59,"name":"frame_horizontal_bar","children":[]},{"id":60,"name":"frame_horizontal_bar","children":[]},{"id":61,"name":"frame_horizontal_bar","children":[]},{"id":62,"name":"frame_horizontal_bar","children":[]},{"id":63,"name":"frame_horizontal_bar","children":[]},{"id":64,"name":"frame_horizontal_bar","children":[]},{"id":71,"name":"other_leaf","children":[]},{"id":47,"name":"base_side_panel","children":[]},{"id":48,"name":"base_side_panel","children":[]},{"id":49,"name":"base_side_panel","children":[]},{"id":50,"name":"base_side_panel","children":[]}],"jointData":{}}]