[{"id": 0, "parent": 9, "joint": "hinge", "name": "door", "parts": [{"id": 1, "name": "door"}], "jointData": {"axis": {"origin": [0.58423, -0.6423879359070063, 0.5040723291093724], "direction": [1, 0, 0]}, "limit": {"a": 0, "b": 90, "noLimit": false}}}, {"id": 1, "parent": 9, "joint": "hinge", "name": "knob", "parts": [{"id": 2, "name": "knob"}], "jointData": {"axis": {"origin": [-0.48916950000000003, 0.5199065, 0], "direction": [0, 0, 1]}, "limit": {"a": 0, "b": 0, "noLimit": true}}}, {"id": 2, "parent": 9, "joint": "hinge", "name": "knob", "parts": [{"id": 3, "name": "knob"}], "jointData": {"axis": {"origin": [-0.37333099999999997, 0.5199065, 0], "direction": [0, 0, 1]}, "limit": {"a": 0, "b": 0, "noLimit": true}}}, {"id": 3, "parent": 9, "joint": "hinge", "name": "knob", "parts": [{"id": 4, "name": "knob"}], "jointData": {"axis": {"origin": [-0.25749299999999997, 0.5199065, 0], "direction": [0, 0, 1]}, "limit": {"a": 0, "b": 0, "noLimit": true}}}, {"id": 4, "parent": 9, "joint": "slider", "name": "button", "parts": [{"id": 5, "name": "button"}], "jointData": {"axis": {"origin": [-0.076329, 0.518193, 0], "direction": [0, 0, -1]}, "limit": {"a": 0, "b": 0.008000000000000007, "noLimit": false, "rotates": false, "noRotationLimit": false, "rotationLimit": 0}}}, {"id": 5, "parent": 9, "joint": "slider", "name": "button", "parts": [{"id": 6, "name": "button"}], "jointData": {"axis": {"origin": [-0.076329, 0.518193, 0], "direction": [0, 0, -1]}, "limit": {"a": 0, "b": 0.008000000000000007, "noLimit": false, "rotates": false, "noRotationLimit": false, "rotationLimit": 0}}}, {"id": 6, "parent": 9, "joint": "slider", "name": "button", "parts": [{"id": 7, "name": "button"}], "jointData": {"axis": {"origin": [-0.076329, 0.518193, 0], "direction": [0, 0, -1]}, "limit": {"a": 0, "b": 0.008000000000000007, "noLimit": false, "rotates": false, "noRotationLimit": false, "rotationLimit": 0}}}, {"id": 7, "parent": 9, "joint": "slider", "name": "button", "parts": [{"id": 8, "name": "button"}], "jointData": {"axis": {"origin": [-0.076329, 0.518193, 0], "direction": [0, 0, -1]}, "limit": {"a": 0, "b": 0.008000000000000007, "noLimit": false, "rotates": false, "noRotationLimit": false, "rotationLimit": 0}}}, {"id": 8, "parent": 9, "joint": "slider", "name": "button", "parts": [{"id": 9, "name": "button"}], "jointData": {"axis": {"origin": [-0.076329, 0.518193, 0], "direction": [0, 0, -1]}, "limit": {"a": 0, "b": 0.008000000000000007, "noLimit": false, "rotates": false, "noRotationLimit": false, "rotationLimit": 0}}}, {"id": 9, "parent": -1, "joint": "heavy", "name": "base_body", "parts": [{"id": 10, "name": "base_body"}], "jointData": {}}]