[{"id":0,"parent":-1,"joint":"heavy","name":"frame","parts":[{"id":5,"name":"frame","children":[]}],"jointData":{}},{"id":1,"parent":0,"joint":"hinge","name":"door","parts":[{"id":10,"name":"door_frame","children":[]},{"id":11,"name":"handle","children":[]}],"jointData":{"axis":{"origin":[0.34724910567463385,0.8853680000000002,0.2866029991140471],"direction":[0,-1,0]},"limit":{"a":0,"b":-180,"noLimit":false}}},{"id":2,"parent":0,"joint":"hinge","name":"door","parts":[{"id":8,"name":"door_frame","children":[]},{"id":9,"name":"handle","children":[]}],"jointData":{"axis":{"origin":[0.34724910567463385,0.8853680000000002,0.2866029991140471],"direction":[0,-1,0]},"limit":{"a":0,"b":-180,"noLimit":false}}}]