[{"id":0,"parent":2,"joint":"slider","name":"drawer","parts":[{"id":82,"name":"drawer_front","children":[]},{"id":83,"name":"drawer_side","children":[]},{"id":84,"name":"drawer_side","children":[]},{"id":85,"name":"drawer_back","children":[]},{"id":86,"name":"drawer_bottom","children":[]},{"id":47,"name":"handle","children":[]}],"jointData":{"axis":{"origin":[0,0,0],"direction":[0,0,1]},"limit":{"a":0,"b":0.3839999999999999,"noLimit":false}}},{"id":1,"parent":2,"joint":"slider","name":"drawer","parts":[{"id":87,"name":"drawer_front","children":[]},{"id":88,"name":"drawer_side","children":[]},{"id":89,"name":"drawer_side","children":[]},{"id":90,"name":"drawer_back","children":[]},{"id":91,"name":"drawer_bottom","children":[]},{"id":40,"name":"handle","children":[]}],"jointData":{"axis":{"origin":[0,0,0],"direction":[0,0,1]},"limit":{"a":0,"b":0.3839999999999999,"noLimit":false}}},{"id":2,"parent":-1,"joint":"heavy","name":"board","parts":[{"id":28,"name":"board","children":[]},{"id":16,"name":"vertical_side_panel","children":[]},{"id":17,"name":"vertical_side_panel","children":[]},{"id":18,"name":"vertical_side_panel","children":[]},{"id":19,"name":"vertical_side_panel","children":[]},{"id":20,"name":"bottom_panel","children":[]},{"id":21,"name":"leg","children":[]},{"id":22,"name":"leg","children":[]},{"id":23,"name":"leg","children":[]},{"id":24,"name":"leg","children":[]},{"id":32,"name":"shelf","children":[]},{"id":53,"name":"back_panel","children":[]},{"id":54,"name":"bottom_panel","children":[]},{"id":55,"name":"shelf","children":[]},{"id":56,"name":"shelf","children":[]},{"id":57,"name":"shelf","children":[]},{"id":58,"name":"shelf","children":[]},{"id":59,"name":"bar_stretcher","children":[]},{"id":60,"name":"bar_stretcher","children":[]},{"id":69,"name":"hinge","children":[]},{"id":70,"name":"hinge","children":[]},{"id":71,"name":"hinge","children":[]},{"id":72,"name":"hinge","children":[]},{"id":74,"name":"other_leaf","children":[]},{"id":75,"name":"other_leaf","children":[]},{"id":76,"name":"other_leaf","children":[]},{"id":77,"name":"other_leaf","children":[]},{"id":78,"name":"other_leaf","children":[]},{"id":79,"name":"other_leaf","children":[]},{"id":80,"name":"other_leaf","children":[]},{"id":81,"name":"other_leaf","children":[]}],"jointData":{}},{"id":3,"parent":2,"joint":"hinge","name":"cabinet_door_surface","parts":[{"id":35,"name":"cabinet_door_surface","children":[]},{"id":36,"name":"handle","children":[]}],"jointData":{"axis":{"origin":[-0.5368544630024709,0.04881900000000003,0.22285941751647614],"direction":[0,1,0]},"limit":{"a":0,"b":-90,"noLimit":false}}},{"id":4,"parent":2,"joint":"hinge","name":"cabinet_door_surface","parts":[{"id":37,"name":"cabinet_door_surface","children":[]},{"id":38,"name":"handle","children":[]}],"jointData":{"axis":{"origin":[0.5119219004394762,0.048819,0.22386711728301867],"direction":[0,1,0]},"limit":{"a":0,"b":90,"noLimit":false}}}]