[{"id":0,"parent":3,"joint":"hinge","name":"cabinet_door","parts":[{"id":12,"name":"cabinet_door_surface","children":[]},{"id":13,"name":"handle","children":[]}],"jointData":{"axis":{"origin":[-0.5299797148695011,0.7788392385579725,0.22720520263051264],"direction":[0,-1,0]},"limit":{"a":0,"b":95.76,"noLimit":false}}},{"id":1,"parent":3,"joint":"hinge","name":"cabinet_door","parts":[{"id":10,"name":"cabinet_door_surface","children":[]},{"id":11,"name":"handle","children":[]}],"jointData":{"axis":{"origin":[-0.5398852036909729,-0.3225629421776343,0.22566282397869208],"direction":[-1,0,0]},"limit":{"a":0,"b":90,"noLimit":false}}},{"id":2,"parent":3,"joint":"hinge","name":"cabinet_door","parts":[{"id":20,"name":"cabinet_door_surface","children":[]},{"id":21,"name":"handle","children":[]}],"jointData":{"axis":{"origin":[0.5285920831430443,0.778846539673924,0.22467267461090953],"direction":[0,1,0]},"limit":{"a":0,"b":95.76,"noLimit":false}}},{"id":3,"parent":-1,"joint":"heavy","name":"shelf","parts":[{"id":15,"name":"shelf","children":[]},{"id":16,"name":"shelf","children":[]},{"id":17,"name":"shelf","children":[]},{"id":18,"name":"shelf","children":[]},{"id":22,"name":"vertical_side_panel","children":[]},{"id":23,"name":"vertical_side_panel","children":[]},{"id":25,"name":"top_panel","children":[]},{"id":26,"name":"frame_vertical_bar","children":[]},{"id":27,"name":"frame_vertical_bar","children":[]},{"id":28,"name":"frame_vertical_bar","children":[]},{"id":29,"name":"frame_horizontal_bar","children":[]},{"id":30,"name":"frame_horizontal_bar","children":[]},{"id":31,"name":"back_panel","children":[]},{"id":32,"name":"frame_horizontal_bar","children":[]},{"id":33,"name":"frame_horizontal_bar","children":[]}],"jointData":{}}]