[{"id":0,"parent":4,"joint":"slider","name":"drawer","parts":[{"id":20,"name":"drawer_front","children":[]},{"id":21,"name":"drawer_side","children":[]},{"id":22,"name":"drawer_side","children":[]},{"id":23,"name":"drawer_back","children":[]},{"id":24,"name":"drawer_bottom","children":[]},{"id":26,"name":"other_leaf","children":[]},{"id":19,"name":"handle","children":[]}],"jointData":{"axis":{"origin":[-0.007094012744034983,0.2428239049301521,0.545041024684906],"direction":[0,0,1]},"limit":{"a":0,"b":0.7999999999999998,"noLimit":false}}},{"id":1,"parent":4,"joint":"slider","name":"drawer","parts":[{"id":11,"name":"drawer_side","children":[]},{"id":12,"name":"drawer_back","children":[]},{"id":13,"name":"drawer_bottom","children":[]},{"id":14,"name":"drawer_front","children":[]},{"id":15,"name":"drawer_side","children":[]},{"id":17,"name":"other_leaf","children":[]},{"id":8,"name":"handle","children":[]}],"jointData":{"axis":{"origin":[0.011644773393774366,0.5224266063681192,-0.49444198608398415],"direction":[0,0,1]},"limit":{"a":0,"b":0.7999999999999998,"noLimit":false}}},{"id":2,"parent":4,"joint":"slider","name":"drawer","parts":[{"id":42,"name":"drawer_front","children":[]},{"id":43,"name":"drawer_side","children":[]},{"id":44,"name":"drawer_side","children":[]},{"id":45,"name":"drawer_back","children":[]},{"id":46,"name":"drawer_bottom","children":[]},{"id":48,"name":"other_leaf","children":[]},{"id":41,"name":"handle","children":[]}],"jointData":{"axis":{"origin":[-0.006549926921868815,-0.3782072034638172,-0.4944419860839846],"direction":[0,0,1]},"limit":{"a":0,"b":0.7999999999999998,"noLimit":false}}},{"id":3,"parent":4,"joint":"slider","name":"drawer","parts":[{"id":33,"name":"drawer_front","children":[]},{"id":34,"name":"drawer_side","children":[]},{"id":35,"name":"drawer_side","children":[]},{"id":36,"name":"drawer_back","children":[]},{"id":37,"name":"drawer_bottom","children":[]},{"id":39,"name":"other_leaf","children":[]},{"id":32,"name":"handle","children":[]}],"jointData":{"axis":{"origin":[-0.020994513303207882,0.0012346004278181305,-0.4944419860839846],"direction":[0,0,1]},"limit":{"a":0,"b":0.7639999999999998,"noLimit":false}}},{"id":4,"parent":-1,"joint":"heavy","name":"cabinet_frame","parts":[{"id":54,"name":"vertical_side_panel","children":[]},{"id":55,"name":"vertical_side_panel","children":[]},{"id":56,"name":"back_panel","children":[]},{"id":57,"name":"bottom_panel","children":[]},{"id":58,"name":"frame_vertical_bar","children":[]},{"id":59,"name":"frame_vertical_bar","children":[]},{"id":60,"name":"frame_horizontal_bar","children":[]},{"id":61,"name":"frame_horizontal_bar","children":[]},{"id":62,"name":"frame_horizontal_bar","children":[]},{"id":63,"name":"frame_horizontal_bar","children":[]},{"id":64,"name":"frame_horizontal_bar","children":[]},{"id":65,"name":"frame_horizontal_bar","children":[]},{"id":66,"name":"frame_horizontal_bar","children":[]},{"id":68,"name":"other_leaf","children":[]},{"id":50,"name":"base_side_panel","children":[]},{"id":51,"name":"base_side_panel","children":[]},{"id":52,"name":"base_side_panel","children":[]},{"id":53,"name":"base_side_panel","children":[]}],"jointData":{}}]