[{"id":0,"parent":2,"joint":"hinge","name":"door","parts":[{"id":21,"name":"door_frame","children":[]},{"id":22,"name":"handle","children":[]}],"jointData":{"axis":{"origin":[0.3222042194546104,0.8713290095329285,0.3357881237454305],"direction":[0,1,0]},"limit":{"a":0,"b":90,"noLimit":false}}},{"id":1,"parent":2,"joint":"hinge","name":"door","parts":[{"id":19,"name":"door_frame","children":[]},{"id":20,"name":"handle","children":[]}],"jointData":{"axis":{"origin":[0.3222042194546104,0.8713290095329285,0.3357881237454305],"direction":[0,1,0]},"limit":{"a":0,"b":90,"noLimit":false}}},{"id":2,"parent":-1,"joint":"heavy","name":"frame","parts":[{"id":15,"name":"frame","children":[]},{"id":23,"name":"shelf","children":[]}],"jointData":{}}]