[{"id":0,"parent":3,"joint":"slider","name":"drawer","parts":[{"id":45,"name":"drawer_front","children":[]},{"id":46,"name":"drawer_side","children":[]},{"id":47,"name":"drawer_side","children":[]},{"id":48,"name":"drawer_back","children":[]},{"id":49,"name":"drawer_bottom","children":[]},{"id":44,"name":"handle","children":[]}],"jointData":{"axis":{"origin":[0,0,0],"direction":[0,0,1]},"limit":{"a":0,"b":0.55,"noLimit":false}}},{"id":1,"parent":3,"joint":"slider","name":"drawer","parts":[{"id":38,"name":"drawer_front","children":[]},{"id":39,"name":"drawer_side","children":[]},{"id":40,"name":"drawer_side","children":[]},{"id":41,"name":"drawer_back","children":[]},{"id":42,"name":"drawer_bottom","children":[]},{"id":37,"name":"handle","children":[]}],"jointData":{"axis":{"origin":[0,0,0],"direction":[0,0,1]},"limit":{"a":0,"b":0.55,"noLimit":false}}},{"id":2,"parent":3,"joint":"slider","name":"drawer","parts":[{"id":30,"name":"drawer_front","children":[]},{"id":31,"name":"drawer_side","children":[]},{"id":32,"name":"drawer_side","children":[]},{"id":33,"name":"drawer_back","children":[]},{"id":34,"name":"drawer_bottom","children":[]},{"id":8,"name":"handle","children":[]}],"jointData":{"axis":{"origin":[0,0,0],"direction":[0,0,1]},"limit":{"a":0,"b":0.55,"noLimit":false}}},{"id":3,"parent":-1,"joint":"heavy","name":"cabinet_frame","parts":[{"id":19,"name":"frame_vertical_bar","children":[]},{"id":20,"name":"frame_vertical_bar","children":[]},{"id":21,"name":"frame_horizontal_bar","children":[]},{"id":22,"name":"frame_horizontal_bar","children":[]},{"id":23,"name":"frame_horizontal_bar","children":[]},{"id":24,"name":"frame_horizontal_bar","children":[]},{"id":25,"name":"frame_horizontal_bar","children":[]},{"id":26,"name":"vertical_side_panel","children":[]},{"id":27,"name":"vertical_side_panel","children":[]},{"id":28,"name":"back_panel","children":[]},{"id":29,"name":"bottom_panel","children":[]},{"id":10,"name":"base_side_panel","children":[]},{"id":11,"name":"base_side_panel","children":[]},{"id":12,"name":"base_side_panel","children":[]},{"id":13,"name":"base_side_panel","children":[]}],"jointData":{}}]